{"timestamp": "2026-05-31T13:16:33.122347+00:00", "level": "INFO", "message": "приложение_запущено", "logger": "main", "trace_id": "288b99a762e1", "context": {"step": "init", "search_urls_count": 3, "max_pages": 0}}
{"timestamp": "2026-05-31T13:16:33.123756+00:00", "level": "INFO", "message": "база_данных_инициализирована", "logger": "repository", "trace_id": "288b99a762e1", "context": {"path": "data/sutochno_listings.db"}}
{"timestamp": "2026-05-31T13:16:33.124499+00:00", "level": "INFO", "message": "таблицы_снимков_инициализированы", "logger": "repository.snapshot", "trace_id": "288b99a762e1"}
{"timestamp": "2026-05-31T13:16:33.124782+00:00", "level": "INFO", "message": "запуск_браузера", "logger": "browser", "trace_id": "288b99a762e1", "context": {"step": "без прокси"}}
{"timestamp": "2026-05-31T13:16:33.777714+00:00", "level": "INFO", "message": "браузер_запущен", "logger": "browser", "trace_id": "288b99a762e1", "context": {"step": "без прокси"}}
{"timestamp": "2026-05-31T13:16:33.777876+00:00", "level": "INFO", "message": "начало_парсинга_каталога", "logger": "main", "trace_id": "288b99a762e1", "context": {"step": "scraping", "urls_count": 3}}
{"timestamp": "2026-05-31T13:16:33.777977+00:00", "level": "INFO", "message": "начало_парсинга_каталога", "logger": "scraper", "trace_id": "288b99a762e1", "context": {"urls_count": 3, "max_pages": 999}}
{"timestamp": "2026-05-31T13:16:33.778068+00:00", "level": "INFO", "message": "начало_обхода_ссылки", "logger": "scraper", "trace_id": "288b99a762e1", "context": {"url_index": 1, "urls_total": 3, "remaining_pages": 999, "url": "https://sutochno.ru/front/searchapp/search?guests_adults=2&term=%D0%A1%D0%B0%D0%..."}}
{"timestamp": "2026-05-31T13:16:33.778255+00:00", "level": "DEBUG", "message": "навигация", "logger": "browser", "trace_id": "288b99a762e1", "context": {"path": "https://sutochno.ru/front/searchapp/search?guests_adults=2&term=%D0%A1%D0%B0%D0%BD%D0%BA%D1%82-%D0%9F%D0%B5%D1%82%D0%B5%D1%80%D0%B1%D1%83%D1%80%D0%B3&id=397367&type=city&SW.lat=59.78064105467368&SW.lng=30.035056815429677&NE.lat=60.05472305920819&NE.lng=30.57476018457031&price_per=1&is_apartment=1&price=,2000"}}
{"timestamp": "2026-05-31T13:16:40.097813+00:00", "level": "INFO", "message": "приложение_запущено", "logger": "main", "trace_id": "6ee94006b2f5", "context": {"step": "init", "search_urls_count": 3, "max_pages": 0}}
{"timestamp": "2026-05-31T13:16:40.098943+00:00", "level": "INFO", "message": "база_данных_инициализирована", "logger": "repository", "trace_id": "6ee94006b2f5", "context": {"path": "data/sutochno_listings.db"}}
{"timestamp": "2026-05-31T13:16:40.099490+00:00", "level": "INFO", "message": "таблицы_снимков_инициализированы", "logger": "repository.snapshot", "trace_id": "6ee94006b2f5"}
{"timestamp": "2026-05-31T13:16:40.099693+00:00", "level": "INFO", "message": "запуск_браузера", "logger": "browser", "trace_id": "6ee94006b2f5", "context": {"step": "без прокси"}}
{"timestamp": "2026-05-31T13:16:40.715396+00:00", "level": "INFO", "message": "браузер_запущен", "logger": "browser", "trace_id": "6ee94006b2f5", "context": {"step": "без прокси"}}
{"timestamp": "2026-05-31T13:16:40.715579+00:00", "level": "INFO", "message": "начало_парсинга_каталога", "logger": "main", "trace_id": "6ee94006b2f5", "context": {"step": "scraping", "urls_count": 3}}
{"timestamp": "2026-05-31T13:16:40.715718+00:00", "level": "INFO", "message": "начало_парсинга_каталога", "logger": "scraper", "trace_id": "6ee94006b2f5", "context": {"urls_count": 3, "max_pages": 999}}
{"timestamp": "2026-05-31T13:16:40.715870+00:00", "level": "INFO", "message": "начало_обхода_ссылки", "logger": "scraper", "trace_id": "6ee94006b2f5", "context": {"url_index": 1, "urls_total": 3, "remaining_pages": 999, "url": "https://sutochno.ru/front/searchapp/search?guests_adults=2&term=%D0%A1%D0%B0%D0%..."}}
{"timestamp": "2026-05-31T13:16:40.716024+00:00", "level": "DEBUG", "message": "навигация", "logger": "browser", "trace_id": "6ee94006b2f5", "context": {"path": "https://sutochno.ru/front/searchapp/search?guests_adults=2&term=%D0%A1%D0%B0%D0%BD%D0%BA%D1%82-%D0%9F%D0%B5%D1%82%D0%B5%D1%80%D0%B1%D1%83%D1%80%D0%B3&id=397367&type=city&SW.lat=59.78064105467368&SW.lng=30.035056815429677&NE.lat=60.05472305920819&NE.lng=30.57476018457031&price_per=1&is_apartment=1&price=,2000"}}
{"timestamp": "2026-05-31T13:16:49.365162+00:00", "level": "INFO", "message": "парсинг_страницы", "logger": "scraper", "trace_id": "6ee94006b2f5", "context": {"url_index": 1, "page": 1, "remaining": 999}}
{"timestamp": "2026-05-31T13:17:22.424187+00:00", "level": "INFO", "message": "страница_обработана", "logger": "scraper", "trace_id": "6ee94006b2f5", "context": {"url_index": 1, "page": 1, "found": 50, "total_so_far": 50}}
{"timestamp": "2026-05-31T13:17:23.794701+00:00", "level": "DEBUG", "message": "клик_далее_выполнен", "logger": "scraper", "trace_id": "6ee94006b2f5"}
{"timestamp": "2026-05-31T13:17:59.504650+00:00", "level": "INFO", "message": "переход_на_следующую_страницу_выполнен", "logger": "scraper", "trace_id": "6ee94006b2f5"}
{"timestamp": "2026-05-31T13:17:59.504961+00:00", "level": "INFO", "message": "парсинг_страницы", "logger": "scraper", "trace_id": "6ee94006b2f5", "context": {"url_index": 1, "page": 2, "remaining": 998}}
{"timestamp": "2026-05-31T13:18:32.047170+00:00", "level": "INFO", "message": "страница_обработана", "logger": "scraper", "trace_id": "6ee94006b2f5", "context": {"url_index": 1, "page": 2, "found": 50, "total_so_far": 100}}
{"timestamp": "2026-05-31T13:18:33.447131+00:00", "level": "DEBUG", "message": "клик_далее_выполнен", "logger": "scraper", "trace_id": "6ee94006b2f5"}
{"timestamp": "2026-05-31T13:19:09.960075+00:00", "level": "INFO", "message": "переход_на_следующую_страницу_выполнен", "logger": "scraper", "trace_id": "6ee94006b2f5"}
{"timestamp": "2026-05-31T13:19:09.960373+00:00", "level": "INFO", "message": "парсинг_страницы", "logger": "scraper", "trace_id": "6ee94006b2f5", "context": {"url_index": 1, "page": 3, "remaining": 997}}
{"timestamp": "2026-05-31T13:19:41.439186+00:00", "level": "INFO", "message": "страница_обработана", "logger": "scraper", "trace_id": "6ee94006b2f5", "context": {"url_index": 1, "page": 3, "found": 50, "total_so_far": 150}}
{"timestamp": "2026-05-31T13:19:42.661181+00:00", "level": "DEBUG", "message": "клик_далее_выполнен", "logger": "scraper", "trace_id": "6ee94006b2f5"}
{"timestamp": "2026-05-31T13:20:19.944705+00:00", "level": "INFO", "message": "переход_на_следующую_страницу_выполнен", "logger": "scraper", "trace_id": "6ee94006b2f5"}
{"timestamp": "2026-05-31T13:20:19.944889+00:00", "level": "INFO", "message": "парсинг_страницы", "logger": "scraper", "trace_id": "6ee94006b2f5", "context": {"url_index": 1, "page": 4, "remaining": 996}}
{"timestamp": "2026-05-31T13:20:52.554351+00:00", "level": "INFO", "message": "страница_обработана", "logger": "scraper", "trace_id": "6ee94006b2f5", "context": {"url_index": 1, "page": 4, "found": 50, "total_so_far": 200}}
{"timestamp": "2026-05-31T13:20:53.840507+00:00", "level": "DEBUG", "message": "клик_далее_выполнен", "logger": "scraper", "trace_id": "6ee94006b2f5"}
{"timestamp": "2026-05-31T13:21:29.060249+00:00", "level": "INFO", "message": "переход_на_следующую_страницу_выполнен", "logger": "scraper", "trace_id": "6ee94006b2f5"}
{"timestamp": "2026-05-31T13:21:29.061007+00:00", "level": "INFO", "message": "парсинг_страницы", "logger": "scraper", "trace_id": "6ee94006b2f5", "context": {"url_index": 1, "page": 5, "remaining": 995}}
{"timestamp": "2026-05-31T13:22:00.118798+00:00", "level": "INFO", "message": "страница_обработана", "logger": "scraper", "trace_id": "6ee94006b2f5", "context": {"url_index": 1, "page": 5, "found": 50, "total_so_far": 250}}
{"timestamp": "2026-05-31T13:22:01.435475+00:00", "level": "DEBUG", "message": "клик_далее_выполнен", "logger": "scraper", "trace_id": "6ee94006b2f5"}
{"timestamp": "2026-05-31T13:22:39.311882+00:00", "level": "INFO", "message": "переход_на_следующую_страницу_выполнен", "logger": "scraper", "trace_id": "6ee94006b2f5"}
{"timestamp": "2026-05-31T13:22:39.312402+00:00", "level": "INFO", "message": "парсинг_страницы", "logger": "scraper", "trace_id": "6ee94006b2f5", "context": {"url_index": 1, "page": 6, "remaining": 994}}
{"timestamp": "2026-05-31T13:23:03.915885+00:00", "level": "INFO", "message": "страница_обработана", "logger": "scraper", "trace_id": "6ee94006b2f5", "context": {"url_index": 1, "page": 6, "found": 38, "total_so_far": 288}}
{"timestamp": "2026-05-31T13:23:04.932488+00:00", "level": "DEBUG", "message": "кнопка_далее_не_найдена", "logger": "scraper", "trace_id": "6ee94006b2f5"}
{"timestamp": "2026-05-31T13:23:04.932817+00:00", "level": "INFO", "message": "последняя_страница_достигнута", "logger": "scraper", "trace_id": "6ee94006b2f5", "context": {"url_index": 1, "page": 6}}
{"timestamp": "2026-05-31T13:23:04.932985+00:00", "level": "INFO", "message": "ссылка_обработана", "logger": "scraper", "trace_id": "6ee94006b2f5", "context": {"url_index": 1, "pages_from_url": 6, "total_pages_processed": 6, "listings_so_far": 288}}
{"timestamp": "2026-05-31T13:23:04.933166+00:00", "level": "INFO", "message": "начало_обхода_ссылки", "logger": "scraper", "trace_id": "6ee94006b2f5", "context": {"url_index": 2, "urls_total": 3, "remaining_pages": 993, "url": "https://sutochno.ru/front/searchapp/search?guests_adults=2&term=%D0%A1%D0%B0%D0%..."}}
{"timestamp": "2026-05-31T13:23:04.933442+00:00", "level": "DEBUG", "message": "навигация", "logger": "browser", "trace_id": "6ee94006b2f5", "context": {"path": "https://sutochno.ru/front/searchapp/search?guests_adults=2&term=%D0%A1%D0%B0%D0%BD%D0%BA%D1%82-%D0%9F%D0%B5%D1%82%D0%B5%D1%80%D0%B1%D1%83%D1%80%D0%B3&id=397367&type=city&SW.lat=59.78064105467368&SW.lng=30.035056815429677&NE.lat=60.05472305920819&NE.lng=30.57476018457031&price_per=1&is_apartment=1&price=2000,3000"}}
{"timestamp": "2026-05-31T13:23:13.345399+00:00", "level": "INFO", "message": "парсинг_страницы", "logger": "scraper", "trace_id": "6ee94006b2f5", "context": {"url_index": 2, "page": 1, "remaining": 993}}
{"timestamp": "2026-05-31T13:23:43.740321+00:00", "level": "INFO", "message": "страница_обработана", "logger": "scraper", "trace_id": "6ee94006b2f5", "context": {"url_index": 2, "page": 1, "found": 50, "total_so_far": 338}}
{"timestamp": "2026-05-31T13:23:45.281635+00:00", "level": "DEBUG", "message": "клик_далее_выполнен", "logger": "scraper", "trace_id": "6ee94006b2f5"}
{"timestamp": "2026-05-31T13:24:21.854531+00:00", "level": "INFO", "message": "переход_на_следующую_страницу_выполнен", "logger": "scraper", "trace_id": "6ee94006b2f5"}
{"timestamp": "2026-05-31T13:24:21.854711+00:00", "level": "INFO", "message": "парсинг_страницы", "logger": "scraper", "trace_id": "6ee94006b2f5", "context": {"url_index": 2, "page": 2, "remaining": 992}}
{"timestamp": "2026-05-31T13:24:53.831066+00:00", "level": "INFO", "message": "страница_обработана", "logger": "scraper", "trace_id": "6ee94006b2f5", "context": {"url_index": 2, "page": 2, "found": 50, "total_so_far": 388}}
{"timestamp": "2026-05-31T13:24:55.194369+00:00", "level": "DEBUG", "message": "клик_далее_выполнен", "logger": "scraper", "trace_id": "6ee94006b2f5"}
{"timestamp": "2026-05-31T13:25:31.123204+00:00", "level": "INFO", "message": "переход_на_следующую_страницу_выполнен", "logger": "scraper", "trace_id": "6ee94006b2f5"}
{"timestamp": "2026-05-31T13:25:31.123475+00:00", "level": "INFO", "message": "парсинг_страницы", "logger": "scraper", "trace_id": "6ee94006b2f5", "context": {"url_index": 2, "page": 3, "remaining": 991}}
{"timestamp": "2026-05-31T13:26:02.108001+00:00", "level": "INFO", "message": "страница_обработана", "logger": "scraper", "trace_id": "6ee94006b2f5", "context": {"url_index": 2, "page": 3, "found": 50, "total_so_far": 438}}
{"timestamp": "2026-05-31T13:26:03.389680+00:00", "level": "DEBUG", "message": "клик_далее_выполнен", "logger": "scraper", "trace_id": "6ee94006b2f5"}
{"timestamp": "2026-05-31T13:26:40.254187+00:00", "level": "INFO", "message": "переход_на_следующую_страницу_выполнен", "logger": "scraper", "trace_id": "6ee94006b2f5"}
{"timestamp": "2026-05-31T13:26:40.254487+00:00", "level": "INFO", "message": "парсинг_страницы", "logger": "scraper", "trace_id": "6ee94006b2f5", "context": {"url_index": 2, "page": 4, "remaining": 990}}
{"timestamp": "2026-05-31T13:27:12.449201+00:00", "level": "INFO", "message": "страница_обработана", "logger": "scraper", "trace_id": "6ee94006b2f5", "context": {"url_index": 2, "page": 4, "found": 50, "total_so_far": 488}}
{"timestamp": "2026-05-31T13:27:13.741653+00:00", "level": "DEBUG", "message": "клик_далее_выполнен", "logger": "scraper", "trace_id": "6ee94006b2f5"}
{"timestamp": "2026-05-31T13:27:50.257416+00:00", "level": "INFO", "message": "переход_на_следующую_страницу_выполнен", "logger": "scraper", "trace_id": "6ee94006b2f5"}
{"timestamp": "2026-05-31T13:27:50.257543+00:00", "level": "INFO", "message": "парсинг_страницы", "logger": "scraper", "trace_id": "6ee94006b2f5", "context": {"url_index": 2, "page": 5, "remaining": 989}}
{"timestamp": "2026-05-31T13:28:20.449345+00:00", "level": "INFO", "message": "страница_обработана", "logger": "scraper", "trace_id": "6ee94006b2f5", "context": {"url_index": 2, "page": 5, "found": 49, "total_so_far": 537}}
{"timestamp": "2026-05-31T13:28:21.720110+00:00", "level": "DEBUG", "message": "клик_далее_выполнен", "logger": "scraper", "trace_id": "6ee94006b2f5"}
{"timestamp": "2026-05-31T13:28:56.831295+00:00", "level": "INFO", "message": "переход_на_следующую_страницу_выполнен", "logger": "scraper", "trace_id": "6ee94006b2f5"}
{"timestamp": "2026-05-31T13:28:56.831474+00:00", "level": "INFO", "message": "парсинг_страницы", "logger": "scraper", "trace_id": "6ee94006b2f5", "context": {"url_index": 2, "page": 6, "remaining": 988}}
{"timestamp": "2026-05-31T13:29:29.465270+00:00", "level": "INFO", "message": "страница_обработана", "logger": "scraper", "trace_id": "6ee94006b2f5", "context": {"url_index": 2, "page": 6, "found": 50, "total_so_far": 587}}
{"timestamp": "2026-05-31T13:29:30.713483+00:00", "level": "DEBUG", "message": "клик_далее_выполнен", "logger": "scraper", "trace_id": "6ee94006b2f5"}
{"timestamp": "2026-05-31T13:30:06.250161+00:00", "level": "INFO", "message": "переход_на_следующую_страницу_выполнен", "logger": "scraper", "trace_id": "6ee94006b2f5"}
{"timestamp": "2026-05-31T13:30:06.251077+00:00", "level": "INFO", "message": "парсинг_страницы", "logger": "scraper", "trace_id": "6ee94006b2f5", "context": {"url_index": 2, "page": 7, "remaining": 987}}
{"timestamp": "2026-05-31T13:30:36.088209+00:00", "level": "INFO", "message": "страница_обработана", "logger": "scraper", "trace_id": "6ee94006b2f5", "context": {"url_index": 2, "page": 7, "found": 48, "total_so_far": 635}}
{"timestamp": "2026-05-31T13:30:37.387465+00:00", "level": "DEBUG", "message": "клик_далее_выполнен", "logger": "scraper", "trace_id": "6ee94006b2f5"}
{"timestamp": "2026-05-31T13:31:14.755029+00:00", "level": "INFO", "message": "переход_на_следующую_страницу_выполнен", "logger": "scraper", "trace_id": "6ee94006b2f5"}
{"timestamp": "2026-05-31T13:31:14.755410+00:00", "level": "INFO", "message": "парсинг_страницы", "logger": "scraper", "trace_id": "6ee94006b2f5", "context": {"url_index": 2, "page": 8, "remaining": 986}}
{"timestamp": "2026-05-31T13:31:46.190077+00:00", "level": "INFO", "message": "страница_обработана", "logger": "scraper", "trace_id": "6ee94006b2f5", "context": {"url_index": 2, "page": 8, "found": 50, "total_so_far": 685}}
{"timestamp": "2026-05-31T13:31:47.452888+00:00", "level": "DEBUG", "message": "клик_далее_выполнен", "logger": "scraper", "trace_id": "6ee94006b2f5"}
{"timestamp": "2026-05-31T13:32:24.466817+00:00", "level": "INFO", "message": "переход_на_следующую_страницу_выполнен", "logger": "scraper", "trace_id": "6ee94006b2f5"}
{"timestamp": "2026-05-31T13:32:24.467133+00:00", "level": "INFO", "message": "парсинг_страницы", "logger": "scraper", "trace_id": "6ee94006b2f5", "context": {"url_index": 2, "page": 9, "remaining": 985}}
{"timestamp": "2026-05-31T13:32:56.853814+00:00", "level": "INFO", "message": "страница_обработана", "logger": "scraper", "trace_id": "6ee94006b2f5", "context": {"url_index": 2, "page": 9, "found": 50, "total_so_far": 735}}
{"timestamp": "2026-05-31T13:32:58.211166+00:00", "level": "DEBUG", "message": "клик_далее_выполнен", "logger": "scraper", "trace_id": "6ee94006b2f5"}
{"timestamp": "2026-05-31T13:33:34.654442+00:00", "level": "INFO", "message": "переход_на_следующую_страницу_выполнен", "logger": "scraper", "trace_id": "6ee94006b2f5"}
{"timestamp": "2026-05-31T13:33:34.654847+00:00", "level": "INFO", "message": "парсинг_страницы", "logger": "scraper", "trace_id": "6ee94006b2f5", "context": {"url_index": 2, "page": 10, "remaining": 984}}
{"timestamp": "2026-05-31T13:34:08.701297+00:00", "level": "INFO", "message": "страница_обработана", "logger": "scraper", "trace_id": "6ee94006b2f5", "context": {"url_index": 2, "page": 10, "found": 48, "total_so_far": 783}}
{"timestamp": "2026-05-31T13:34:09.976909+00:00", "level": "DEBUG", "message": "клик_далее_выполнен", "logger": "scraper", "trace_id": "6ee94006b2f5"}
{"timestamp": "2026-05-31T13:34:47.647398+00:00", "level": "INFO", "message": "переход_на_следующую_страницу_выполнен", "logger": "scraper", "trace_id": "6ee94006b2f5"}
{"timestamp": "2026-05-31T13:34:47.647541+00:00", "level": "INFO", "message": "парсинг_страницы", "logger": "scraper", "trace_id": "6ee94006b2f5", "context": {"url_index": 2, "page": 11, "remaining": 983}}
{"timestamp": "2026-05-31T13:35:20.495673+00:00", "level": "INFO", "message": "страница_обработана", "logger": "scraper", "trace_id": "6ee94006b2f5", "context": {"url_index": 2, "page": 11, "found": 49, "total_so_far": 832}}
{"timestamp": "2026-05-31T13:35:21.771245+00:00", "level": "DEBUG", "message": "клик_далее_выполнен", "logger": "scraper", "trace_id": "6ee94006b2f5"}
{"timestamp": "2026-05-31T13:35:59.163402+00:00", "level": "INFO", "message": "переход_на_следующую_страницу_выполнен", "logger": "scraper", "trace_id": "6ee94006b2f5"}
{"timestamp": "2026-05-31T13:35:59.163601+00:00", "level": "INFO", "message": "парсинг_страницы", "logger": "scraper", "trace_id": "6ee94006b2f5", "context": {"url_index": 2, "page": 12, "remaining": 982}}
{"timestamp": "2026-05-31T13:36:32.585528+00:00", "level": "INFO", "message": "страница_обработана", "logger": "scraper", "trace_id": "6ee94006b2f5", "context": {"url_index": 2, "page": 12, "found": 50, "total_so_far": 882}}
{"timestamp": "2026-05-31T13:36:33.823931+00:00", "level": "DEBUG", "message": "клик_далее_выполнен", "logger": "scraper", "trace_id": "6ee94006b2f5"}
{"timestamp": "2026-05-31T13:37:09.890200+00:00", "level": "INFO", "message": "переход_на_следующую_страницу_выполнен", "logger": "scraper", "trace_id": "6ee94006b2f5"}
{"timestamp": "2026-05-31T13:37:09.890373+00:00", "level": "INFO", "message": "парсинг_страницы", "logger": "scraper", "trace_id": "6ee94006b2f5", "context": {"url_index": 2, "page": 13, "remaining": 981}}
{"timestamp": "2026-05-31T13:37:42.312463+00:00", "level": "INFO", "message": "страница_обработана", "logger": "scraper", "trace_id": "6ee94006b2f5", "context": {"url_index": 2, "page": 13, "found": 50, "total_so_far": 932}}
{"timestamp": "2026-05-31T13:37:43.528846+00:00", "level": "DEBUG", "message": "клик_далее_выполнен", "logger": "scraper", "trace_id": "6ee94006b2f5"}
{"timestamp": "2026-05-31T13:38:21.596506+00:00", "level": "INFO", "message": "переход_на_следующую_страницу_выполнен", "logger": "scraper", "trace_id": "6ee94006b2f5"}
{"timestamp": "2026-05-31T13:38:21.596700+00:00", "level": "INFO", "message": "парсинг_страницы", "logger": "scraper", "trace_id": "6ee94006b2f5", "context": {"url_index": 2, "page": 14, "remaining": 980}}
{"timestamp": "2026-05-31T13:38:53.985281+00:00", "level": "INFO", "message": "страница_обработана", "logger": "scraper", "trace_id": "6ee94006b2f5", "context": {"url_index": 2, "page": 14, "found": 50, "total_so_far": 982}}
{"timestamp": "2026-05-31T13:38:55.351306+00:00", "level": "DEBUG", "message": "клик_далее_выполнен", "logger": "scraper", "trace_id": "6ee94006b2f5"}
{"timestamp": "2026-05-31T13:39:32.261381+00:00", "level": "INFO", "message": "переход_на_следующую_страницу_выполнен", "logger": "scraper", "trace_id": "6ee94006b2f5"}
{"timestamp": "2026-05-31T13:39:32.261843+00:00", "level": "INFO", "message": "парсинг_страницы", "logger": "scraper", "trace_id": "6ee94006b2f5", "context": {"url_index": 2, "page": 15, "remaining": 979}}
{"timestamp": "2026-05-31T13:40:04.898221+00:00", "level": "INFO", "message": "страница_обработана", "logger": "scraper", "trace_id": "6ee94006b2f5", "context": {"url_index": 2, "page": 15, "found": 49, "total_so_far": 1031}}
{"timestamp": "2026-05-31T13:40:06.213366+00:00", "level": "DEBUG", "message": "клик_далее_выполнен", "logger": "scraper", "trace_id": "6ee94006b2f5"}
{"timestamp": "2026-05-31T13:40:44.269368+00:00", "level": "INFO", "message": "переход_на_следующую_страницу_выполнен", "logger": "scraper", "trace_id": "6ee94006b2f5"}
{"timestamp": "2026-05-31T13:40:44.269833+00:00", "level": "INFO", "message": "парсинг_страницы", "logger": "scraper", "trace_id": "6ee94006b2f5", "context": {"url_index": 2, "page": 16, "remaining": 978}}
{"timestamp": "2026-05-31T13:41:17.987295+00:00", "level": "INFO", "message": "страница_обработана", "logger": "scraper", "trace_id": "6ee94006b2f5", "context": {"url_index": 2, "page": 16, "found": 49, "total_so_far": 1080}}
{"timestamp": "2026-05-31T13:41:19.295849+00:00", "level": "DEBUG", "message": "клик_далее_выполнен", "logger": "scraper", "trace_id": "6ee94006b2f5"}
{"timestamp": "2026-05-31T13:41:57.167324+00:00", "level": "INFO", "message": "переход_на_следующую_страницу_выполнен", "logger": "scraper", "trace_id": "6ee94006b2f5"}
{"timestamp": "2026-05-31T13:41:57.167474+00:00", "level": "INFO", "message": "парсинг_страницы", "logger": "scraper", "trace_id": "6ee94006b2f5", "context": {"url_index": 2, "page": 17, "remaining": 977}}
{"timestamp": "2026-05-31T13:42:29.742934+00:00", "level": "INFO", "message": "страница_обработана", "logger": "scraper", "trace_id": "6ee94006b2f5", "context": {"url_index": 2, "page": 17, "found": 50, "total_so_far": 1130}}
{"timestamp": "2026-05-31T13:42:31.024315+00:00", "level": "DEBUG", "message": "клик_далее_выполнен", "logger": "scraper", "trace_id": "6ee94006b2f5"}
{"timestamp": "2026-05-31T13:43:08.726390+00:00", "level": "INFO", "message": "переход_на_следующую_страницу_выполнен", "logger": "scraper", "trace_id": "6ee94006b2f5"}
{"timestamp": "2026-05-31T13:43:08.726757+00:00", "level": "INFO", "message": "парсинг_страницы", "logger": "scraper", "trace_id": "6ee94006b2f5", "context": {"url_index": 2, "page": 18, "remaining": 976}}
{"timestamp": "2026-05-31T13:43:43.853620+00:00", "level": "INFO", "message": "страница_обработана", "logger": "scraper", "trace_id": "6ee94006b2f5", "context": {"url_index": 2, "page": 18, "found": 50, "total_so_far": 1180}}
{"timestamp": "2026-05-31T13:43:45.119146+00:00", "level": "DEBUG", "message": "клик_далее_выполнен", "logger": "scraper", "trace_id": "6ee94006b2f5"}
{"timestamp": "2026-05-31T13:44:20.217116+00:00", "level": "INFO", "message": "переход_на_следующую_страницу_выполнен", "logger": "scraper", "trace_id": "6ee94006b2f5"}
{"timestamp": "2026-05-31T13:44:20.217286+00:00", "level": "INFO", "message": "парсинг_страницы", "logger": "scraper", "trace_id": "6ee94006b2f5", "context": {"url_index": 2, "page": 19, "remaining": 975}}
{"timestamp": "2026-05-31T13:44:55.600920+00:00", "level": "INFO", "message": "страница_обработана", "logger": "scraper", "trace_id": "6ee94006b2f5", "context": {"url_index": 2, "page": 19, "found": 50, "total_so_far": 1230}}
{"timestamp": "2026-05-31T13:44:56.891468+00:00", "level": "DEBUG", "message": "клик_далее_выполнен", "logger": "scraper", "trace_id": "6ee94006b2f5"}
{"timestamp": "2026-05-31T13:45:34.521108+00:00", "level": "INFO", "message": "переход_на_следующую_страницу_выполнен", "logger": "scraper", "trace_id": "6ee94006b2f5"}
{"timestamp": "2026-05-31T13:45:34.521313+00:00", "level": "INFO", "message": "парсинг_страницы", "logger": "scraper", "trace_id": "6ee94006b2f5", "context": {"url_index": 2, "page": 20, "remaining": 974}}
{"timestamp": "2026-05-31T13:46:10.324809+00:00", "level": "INFO", "message": "страница_обработана", "logger": "scraper", "trace_id": "6ee94006b2f5", "context": {"url_index": 2, "page": 20, "found": 48, "total_so_far": 1278}}
{"timestamp": "2026-05-31T13:46:11.554356+00:00", "level": "DEBUG", "message": "клик_далее_выполнен", "logger": "scraper", "trace_id": "6ee94006b2f5"}
{"timestamp": "2026-05-31T13:46:48.962182+00:00", "level": "INFO", "message": "переход_на_следующую_страницу_выполнен", "logger": "scraper", "trace_id": "6ee94006b2f5"}
{"timestamp": "2026-05-31T13:46:48.962439+00:00", "level": "INFO", "message": "парсинг_страницы", "logger": "scraper", "trace_id": "6ee94006b2f5", "context": {"url_index": 2, "page": 21, "remaining": 973}}
{"timestamp": "2026-05-31T13:47:20.744163+00:00", "level": "INFO", "message": "страница_обработана", "logger": "scraper", "trace_id": "6ee94006b2f5", "context": {"url_index": 2, "page": 21, "found": 49, "total_so_far": 1327}}
{"timestamp": "2026-05-31T13:47:21.987465+00:00", "level": "DEBUG", "message": "клик_далее_выполнен", "logger": "scraper", "trace_id": "6ee94006b2f5"}
{"timestamp": "2026-05-31T13:47:59.387547+00:00", "level": "INFO", "message": "переход_на_следующую_страницу_выполнен", "logger": "scraper", "trace_id": "6ee94006b2f5"}
{"timestamp": "2026-05-31T13:47:59.387830+00:00", "level": "INFO", "message": "парсинг_страницы", "logger": "scraper", "trace_id": "6ee94006b2f5", "context": {"url_index": 2, "page": 22, "remaining": 972}}
{"timestamp": "2026-05-31T13:48:31.473061+00:00", "level": "INFO", "message": "страница_обработана", "logger": "scraper", "trace_id": "6ee94006b2f5", "context": {"url_index": 2, "page": 22, "found": 49, "total_so_far": 1376}}
{"timestamp": "2026-05-31T13:48:32.738519+00:00", "level": "DEBUG", "message": "клик_далее_выполнен", "logger": "scraper", "trace_id": "6ee94006b2f5"}
{"timestamp": "2026-05-31T13:49:08.782640+00:00", "level": "INFO", "message": "переход_на_следующую_страницу_выполнен", "logger": "scraper", "trace_id": "6ee94006b2f5"}
{"timestamp": "2026-05-31T13:49:08.783048+00:00", "level": "INFO", "message": "парсинг_страницы", "logger": "scraper", "trace_id": "6ee94006b2f5", "context": {"url_index": 2, "page": 23, "remaining": 971}}
{"timestamp": "2026-05-31T13:49:41.712800+00:00", "level": "INFO", "message": "страница_обработана", "logger": "scraper", "trace_id": "6ee94006b2f5", "context": {"url_index": 2, "page": 23, "found": 48, "total_so_far": 1424}}
{"timestamp": "2026-05-31T13:49:42.946054+00:00", "level": "DEBUG", "message": "клик_далее_выполнен", "logger": "scraper", "trace_id": "6ee94006b2f5"}
{"timestamp": "2026-05-31T13:50:20.850110+00:00", "level": "INFO", "message": "переход_на_следующую_страницу_выполнен", "logger": "scraper", "trace_id": "6ee94006b2f5"}
{"timestamp": "2026-05-31T13:50:20.850427+00:00", "level": "INFO", "message": "парсинг_страницы", "logger": "scraper", "trace_id": "6ee94006b2f5", "context": {"url_index": 2, "page": 24, "remaining": 970}}
{"timestamp": "2026-05-31T13:50:53.801227+00:00", "level": "INFO", "message": "страница_обработана", "logger": "scraper", "trace_id": "6ee94006b2f5", "context": {"url_index": 2, "page": 24, "found": 49, "total_so_far": 1473}}
{"timestamp": "2026-05-31T13:50:55.079142+00:00", "level": "DEBUG", "message": "клик_далее_выполнен", "logger": "scraper", "trace_id": "6ee94006b2f5"}
{"timestamp": "2026-05-31T13:51:32.526037+00:00", "level": "INFO", "message": "переход_на_следующую_страницу_выполнен", "logger": "scraper", "trace_id": "6ee94006b2f5"}
{"timestamp": "2026-05-31T13:51:32.526172+00:00", "level": "INFO", "message": "парсинг_страницы", "logger": "scraper", "trace_id": "6ee94006b2f5", "context": {"url_index": 2, "page": 25, "remaining": 969}}
{"timestamp": "2026-05-31T13:52:09.047160+00:00", "level": "INFO", "message": "страница_обработана", "logger": "scraper", "trace_id": "6ee94006b2f5", "context": {"url_index": 2, "page": 25, "found": 50, "total_so_far": 1523}}
{"timestamp": "2026-05-31T13:52:10.286590+00:00", "level": "DEBUG", "message": "клик_далее_выполнен", "logger": "scraper", "trace_id": "6ee94006b2f5"}
{"timestamp": "2026-05-31T13:52:46.489584+00:00", "level": "INFO", "message": "переход_на_следующую_страницу_выполнен", "logger": "scraper", "trace_id": "6ee94006b2f5"}
{"timestamp": "2026-05-31T13:52:46.489903+00:00", "level": "INFO", "message": "парсинг_страницы", "logger": "scraper", "trace_id": "6ee94006b2f5", "context": {"url_index": 2, "page": 26, "remaining": 968}}
{"timestamp": "2026-05-31T13:53:22.464836+00:00", "level": "INFO", "message": "страница_обработана", "logger": "scraper", "trace_id": "6ee94006b2f5", "context": {"url_index": 2, "page": 26, "found": 48, "total_so_far": 1571}}
{"timestamp": "2026-05-31T13:53:23.723823+00:00", "level": "DEBUG", "message": "клик_далее_выполнен", "logger": "scraper", "trace_id": "6ee94006b2f5"}
{"timestamp": "2026-05-31T13:53:58.908872+00:00", "level": "INFO", "message": "переход_на_следующую_страницу_выполнен", "logger": "scraper", "trace_id": "6ee94006b2f5"}
{"timestamp": "2026-05-31T13:53:58.909127+00:00", "level": "INFO", "message": "парсинг_страницы", "logger": "scraper", "trace_id": "6ee94006b2f5", "context": {"url_index": 2, "page": 27, "remaining": 967}}
{"timestamp": "2026-05-31T13:54:34.696132+00:00", "level": "INFO", "message": "страница_обработана", "logger": "scraper", "trace_id": "6ee94006b2f5", "context": {"url_index": 2, "page": 27, "found": 49, "total_so_far": 1620}}
{"timestamp": "2026-05-31T13:54:35.948283+00:00", "level": "DEBUG", "message": "клик_далее_выполнен", "logger": "scraper", "trace_id": "6ee94006b2f5"}
{"timestamp": "2026-05-31T13:55:13.974723+00:00", "level": "INFO", "message": "переход_на_следующую_страницу_выполнен", "logger": "scraper", "trace_id": "6ee94006b2f5"}
{"timestamp": "2026-05-31T13:55:13.974940+00:00", "level": "INFO", "message": "парсинг_страницы", "logger": "scraper", "trace_id": "6ee94006b2f5", "context": {"url_index": 2, "page": 28, "remaining": 966}}
{"timestamp": "2026-05-31T13:55:45.864579+00:00", "level": "INFO", "message": "страница_обработана", "logger": "scraper", "trace_id": "6ee94006b2f5", "context": {"url_index": 2, "page": 28, "found": 48, "total_so_far": 1668}}
{"timestamp": "2026-05-31T13:55:47.104834+00:00", "level": "DEBUG", "message": "клик_далее_выполнен", "logger": "scraper", "trace_id": "6ee94006b2f5"}
{"timestamp": "2026-05-31T13:56:24.715357+00:00", "level": "INFO", "message": "переход_на_следующую_страницу_выполнен", "logger": "scraper", "trace_id": "6ee94006b2f5"}
{"timestamp": "2026-05-31T13:56:24.715474+00:00", "level": "INFO", "message": "парсинг_страницы", "logger": "scraper", "trace_id": "6ee94006b2f5", "context": {"url_index": 2, "page": 29, "remaining": 965}}
{"timestamp": "2026-05-31T13:57:01.459314+00:00", "level": "INFO", "message": "страница_обработана", "logger": "scraper", "trace_id": "6ee94006b2f5", "context": {"url_index": 2, "page": 29, "found": 50, "total_so_far": 1718}}
{"timestamp": "2026-05-31T13:57:02.678225+00:00", "level": "DEBUG", "message": "клик_далее_выполнен", "logger": "scraper", "trace_id": "6ee94006b2f5"}
{"timestamp": "2026-05-31T13:57:38.628902+00:00", "level": "INFO", "message": "переход_на_следующую_страницу_выполнен", "logger": "scraper", "trace_id": "6ee94006b2f5"}
{"timestamp": "2026-05-31T13:57:38.629618+00:00", "level": "INFO", "message": "парсинг_страницы", "logger": "scraper", "trace_id": "6ee94006b2f5", "context": {"url_index": 2, "page": 30, "remaining": 964}}
{"timestamp": "2026-05-31T13:58:13.749811+00:00", "level": "INFO", "message": "страница_обработана", "logger": "scraper", "trace_id": "6ee94006b2f5", "context": {"url_index": 2, "page": 30, "found": 50, "total_so_far": 1768}}
{"timestamp": "2026-05-31T13:58:14.971125+00:00", "level": "DEBUG", "message": "клик_далее_выполнен", "logger": "scraper", "trace_id": "6ee94006b2f5"}
{"timestamp": "2026-05-31T13:58:52.898804+00:00", "level": "INFO", "message": "переход_на_следующую_страницу_выполнен", "logger": "scraper", "trace_id": "6ee94006b2f5"}
{"timestamp": "2026-05-31T13:58:52.899030+00:00", "level": "INFO", "message": "парсинг_страницы", "logger": "scraper", "trace_id": "6ee94006b2f5", "context": {"url_index": 2, "page": 31, "remaining": 963}}
{"timestamp": "2026-05-31T13:59:27.618116+00:00", "level": "INFO", "message": "страница_обработана", "logger": "scraper", "trace_id": "6ee94006b2f5", "context": {"url_index": 2, "page": 31, "found": 49, "total_so_far": 1817}}
{"timestamp": "2026-05-31T13:59:28.882998+00:00", "level": "DEBUG", "message": "клик_далее_выполнен", "logger": "scraper", "trace_id": "6ee94006b2f5"}
{"timestamp": "2026-05-31T14:00:04.051197+00:00", "level": "INFO", "message": "переход_на_следующую_страницу_выполнен", "logger": "scraper", "trace_id": "6ee94006b2f5"}
{"timestamp": "2026-05-31T14:00:04.051447+00:00", "level": "INFO", "message": "парсинг_страницы", "logger": "scraper", "trace_id": "6ee94006b2f5", "context": {"url_index": 2, "page": 32, "remaining": 962}}
{"timestamp": "2026-05-31T14:00:43.483398+00:00", "level": "INFO", "message": "страница_обработана", "logger": "scraper", "trace_id": "6ee94006b2f5", "context": {"url_index": 2, "page": 32, "found": 49, "total_so_far": 1866}}
{"timestamp": "2026-05-31T14:00:44.719482+00:00", "level": "DEBUG", "message": "клик_далее_выполнен", "logger": "scraper", "trace_id": "6ee94006b2f5"}
{"timestamp": "2026-05-31T14:01:20.149019+00:00", "level": "INFO", "message": "переход_на_следующую_страницу_выполнен", "logger": "scraper", "trace_id": "6ee94006b2f5"}
{"timestamp": "2026-05-31T14:01:20.149412+00:00", "level": "INFO", "message": "парсинг_страницы", "logger": "scraper", "trace_id": "6ee94006b2f5", "context": {"url_index": 2, "page": 33, "remaining": 961}}
{"timestamp": "2026-05-31T14:01:51.542884+00:00", "level": "INFO", "message": "страница_обработана", "logger": "scraper", "trace_id": "6ee94006b2f5", "context": {"url_index": 2, "page": 33, "found": 44, "total_so_far": 1910}}
{"timestamp": "2026-05-31T14:01:52.782118+00:00", "level": "DEBUG", "message": "клик_далее_выполнен", "logger": "scraper", "trace_id": "6ee94006b2f5"}
{"timestamp": "2026-05-31T14:02:29.500199+00:00", "level": "INFO", "message": "переход_на_следующую_страницу_выполнен", "logger": "scraper", "trace_id": "6ee94006b2f5"}
{"timestamp": "2026-05-31T14:02:29.500368+00:00", "level": "INFO", "message": "парсинг_страницы", "logger": "scraper", "trace_id": "6ee94006b2f5", "context": {"url_index": 2, "page": 34, "remaining": 960}}
{"timestamp": "2026-05-31T14:03:03.971611+00:00", "level": "INFO", "message": "страница_обработана", "logger": "scraper", "trace_id": "6ee94006b2f5", "context": {"url_index": 2, "page": 34, "found": 48, "total_so_far": 1958}}
{"timestamp": "2026-05-31T14:03:05.277107+00:00", "level": "DEBUG", "message": "клик_далее_выполнен", "logger": "scraper", "trace_id": "6ee94006b2f5"}
{"timestamp": "2026-05-31T14:03:41.845980+00:00", "level": "INFO", "message": "переход_на_следующую_страницу_выполнен", "logger": "scraper", "trace_id": "6ee94006b2f5"}
{"timestamp": "2026-05-31T14:03:41.846099+00:00", "level": "INFO", "message": "парсинг_страницы", "logger": "scraper", "trace_id": "6ee94006b2f5", "context": {"url_index": 2, "page": 35, "remaining": 959}}
{"timestamp": "2026-05-31T14:04:22.387061+00:00", "level": "INFO", "message": "страница_обработана", "logger": "scraper", "trace_id": "6ee94006b2f5", "context": {"url_index": 2, "page": 35, "found": 49, "total_so_far": 2007}}
{"timestamp": "2026-05-31T14:04:23.682694+00:00", "level": "DEBUG", "message": "клик_далее_выполнен", "logger": "scraper", "trace_id": "6ee94006b2f5"}
{"timestamp": "2026-05-31T14:05:01.648013+00:00", "level": "INFO", "message": "переход_на_следующую_страницу_выполнен", "logger": "scraper", "trace_id": "6ee94006b2f5"}
{"timestamp": "2026-05-31T14:05:01.648249+00:00", "level": "INFO", "message": "парсинг_страницы", "logger": "scraper", "trace_id": "6ee94006b2f5", "context": {"url_index": 2, "page": 36, "remaining": 958}}
{"timestamp": "2026-05-31T14:05:38.675401+00:00", "level": "INFO", "message": "страница_обработана", "logger": "scraper", "trace_id": "6ee94006b2f5", "context": {"url_index": 2, "page": 36, "found": 47, "total_so_far": 2054}}
{"timestamp": "2026-05-31T14:05:39.945428+00:00", "level": "DEBUG", "message": "клик_далее_выполнен", "logger": "scraper", "trace_id": "6ee94006b2f5"}
{"timestamp": "2026-05-31T14:06:16.667719+00:00", "level": "INFO", "message": "переход_на_следующую_страницу_выполнен", "logger": "scraper", "trace_id": "6ee94006b2f5"}
{"timestamp": "2026-05-31T14:06:16.667864+00:00", "level": "INFO", "message": "парсинг_страницы", "logger": "scraper", "trace_id": "6ee94006b2f5", "context": {"url_index": 2, "page": 37, "remaining": 957}}
{"timestamp": "2026-05-31T14:06:52.246559+00:00", "level": "INFO", "message": "страница_обработана", "logger": "scraper", "trace_id": "6ee94006b2f5", "context": {"url_index": 2, "page": 37, "found": 49, "total_so_far": 2103}}
{"timestamp": "2026-05-31T14:06:53.503688+00:00", "level": "DEBUG", "message": "клик_далее_выполнен", "logger": "scraper", "trace_id": "6ee94006b2f5"}
{"timestamp": "2026-05-31T14:07:30.340875+00:00", "level": "INFO", "message": "переход_на_следующую_страницу_выполнен", "logger": "scraper", "trace_id": "6ee94006b2f5"}
{"timestamp": "2026-05-31T14:07:30.341436+00:00", "level": "INFO", "message": "парсинг_страницы", "logger": "scraper", "trace_id": "6ee94006b2f5", "context": {"url_index": 2, "page": 38, "remaining": 956}}
{"timestamp": "2026-05-31T14:08:04.570131+00:00", "level": "INFO", "message": "страница_обработана", "logger": "scraper", "trace_id": "6ee94006b2f5", "context": {"url_index": 2, "page": 38, "found": 46, "total_so_far": 2149}}
{"timestamp": "2026-05-31T14:08:05.790413+00:00", "level": "DEBUG", "message": "клик_далее_выполнен", "logger": "scraper", "trace_id": "6ee94006b2f5"}
{"timestamp": "2026-05-31T14:08:42.676294+00:00", "level": "INFO", "message": "переход_на_следующую_страницу_выполнен", "logger": "scraper", "trace_id": "6ee94006b2f5"}
{"timestamp": "2026-05-31T14:08:42.676476+00:00", "level": "INFO", "message": "парсинг_страницы", "logger": "scraper", "trace_id": "6ee94006b2f5", "context": {"url_index": 2, "page": 39, "remaining": 955}}
{"timestamp": "2026-05-31T14:09:18.471050+00:00", "level": "INFO", "message": "страница_обработана", "logger": "scraper", "trace_id": "6ee94006b2f5", "context": {"url_index": 2, "page": 39, "found": 48, "total_so_far": 2197}}
{"timestamp": "2026-05-31T14:09:19.686519+00:00", "level": "DEBUG", "message": "клик_далее_выполнен", "logger": "scraper", "trace_id": "6ee94006b2f5"}
{"timestamp": "2026-05-31T14:09:57.087531+00:00", "level": "INFO", "message": "переход_на_следующую_страницу_выполнен", "logger": "scraper", "trace_id": "6ee94006b2f5"}
{"timestamp": "2026-05-31T14:09:57.087994+00:00", "level": "INFO", "message": "парсинг_страницы", "logger": "scraper", "trace_id": "6ee94006b2f5", "context": {"url_index": 2, "page": 40, "remaining": 954}}
{"timestamp": "2026-05-31T14:10:36.167719+00:00", "level": "INFO", "message": "страница_обработана", "logger": "scraper", "trace_id": "6ee94006b2f5", "context": {"url_index": 2, "page": 40, "found": 49, "total_so_far": 2246}}
{"timestamp": "2026-05-31T14:10:37.413152+00:00", "level": "DEBUG", "message": "клик_далее_выполнен", "logger": "scraper", "trace_id": "6ee94006b2f5"}
{"timestamp": "2026-05-31T14:11:13.648270+00:00", "level": "INFO", "message": "переход_на_следующую_страницу_выполнен", "logger": "scraper", "trace_id": "6ee94006b2f5"}
{"timestamp": "2026-05-31T14:11:13.648890+00:00", "level": "INFO", "message": "парсинг_страницы", "logger": "scraper", "trace_id": "6ee94006b2f5", "context": {"url_index": 2, "page": 41, "remaining": 953}}
{"timestamp": "2026-05-31T14:11:51.288270+00:00", "level": "INFO", "message": "страница_обработана", "logger": "scraper", "trace_id": "6ee94006b2f5", "context": {"url_index": 2, "page": 41, "found": 50, "total_so_far": 2296}}
{"timestamp": "2026-05-31T14:11:52.579579+00:00", "level": "DEBUG", "message": "клик_далее_выполнен", "logger": "scraper", "trace_id": "6ee94006b2f5"}
{"timestamp": "2026-05-31T14:12:29.871279+00:00", "level": "INFO", "message": "переход_на_следующую_страницу_выполнен", "logger": "scraper", "trace_id": "6ee94006b2f5"}
{"timestamp": "2026-05-31T14:12:29.871854+00:00", "level": "INFO", "message": "парсинг_страницы", "logger": "scraper", "trace_id": "6ee94006b2f5", "context": {"url_index": 2, "page": 42, "remaining": 952}}
{"timestamp": "2026-05-31T14:13:04.999807+00:00", "level": "INFO", "message": "страница_обработана", "logger": "scraper", "trace_id": "6ee94006b2f5", "context": {"url_index": 2, "page": 42, "found": 50, "total_so_far": 2346}}
{"timestamp": "2026-05-31T14:13:06.280553+00:00", "level": "DEBUG", "message": "клик_далее_выполнен", "logger": "scraper", "trace_id": "6ee94006b2f5"}
{"timestamp": "2026-05-31T14:13:42.528719+00:00", "level": "INFO", "message": "переход_на_следующую_страницу_выполнен", "logger": "scraper", "trace_id": "6ee94006b2f5"}
{"timestamp": "2026-05-31T14:13:42.528877+00:00", "level": "INFO", "message": "парсинг_страницы", "logger": "scraper", "trace_id": "6ee94006b2f5", "context": {"url_index": 2, "page": 43, "remaining": 951}}
{"timestamp": "2026-05-31T14:14:19.700954+00:00", "level": "INFO", "message": "страница_обработана", "logger": "scraper", "trace_id": "6ee94006b2f5", "context": {"url_index": 2, "page": 43, "found": 47, "total_so_far": 2393}}
{"timestamp": "2026-05-31T14:14:20.933362+00:00", "level": "DEBUG", "message": "клик_далее_выполнен", "logger": "scraper", "trace_id": "6ee94006b2f5"}
{"timestamp": "2026-05-31T14:14:58.707052+00:00", "level": "INFO", "message": "переход_на_следующую_страницу_выполнен", "logger": "scraper", "trace_id": "6ee94006b2f5"}
{"timestamp": "2026-05-31T14:14:58.707197+00:00", "level": "INFO", "message": "парсинг_страницы", "logger": "scraper", "trace_id": "6ee94006b2f5", "context": {"url_index": 2, "page": 44, "remaining": 950}}
{"timestamp": "2026-05-31T14:15:35.090199+00:00", "level": "INFO", "message": "страница_обработана", "logger": "scraper", "trace_id": "6ee94006b2f5", "context": {"url_index": 2, "page": 44, "found": 49, "total_so_far": 2442}}
{"timestamp": "2026-05-31T14:15:36.310944+00:00", "level": "DEBUG", "message": "клик_далее_выполнен", "logger": "scraper", "trace_id": "6ee94006b2f5"}
{"timestamp": "2026-05-31T14:16:13.794168+00:00", "level": "INFO", "message": "переход_на_следующую_страницу_выполнен", "logger": "scraper", "trace_id": "6ee94006b2f5"}
{"timestamp": "2026-05-31T14:16:13.794324+00:00", "level": "INFO", "message": "парсинг_страницы", "logger": "scraper", "trace_id": "6ee94006b2f5", "context": {"url_index": 2, "page": 45, "remaining": 949}}
{"timestamp": "2026-05-31T14:16:49.214355+00:00", "level": "INFO", "message": "страница_обработана", "logger": "scraper", "trace_id": "6ee94006b2f5", "context": {"url_index": 2, "page": 45, "found": 49, "total_so_far": 2491}}
{"timestamp": "2026-05-31T14:16:50.439442+00:00", "level": "DEBUG", "message": "клик_далее_выполнен", "logger": "scraper", "trace_id": "6ee94006b2f5"}
{"timestamp": "2026-05-31T14:17:26.582204+00:00", "level": "INFO", "message": "переход_на_следующую_страницу_выполнен", "logger": "scraper", "trace_id": "6ee94006b2f5"}
{"timestamp": "2026-05-31T14:17:26.582362+00:00", "level": "INFO", "message": "парсинг_страницы", "logger": "scraper", "trace_id": "6ee94006b2f5", "context": {"url_index": 2, "page": 46, "remaining": 948}}
{"timestamp": "2026-05-31T14:18:03.371500+00:00", "level": "INFO", "message": "страница_обработана", "logger": "scraper", "trace_id": "6ee94006b2f5", "context": {"url_index": 2, "page": 46, "found": 49, "total_so_far": 2540}}
{"timestamp": "2026-05-31T14:18:04.597113+00:00", "level": "DEBUG", "message": "клик_далее_выполнен", "logger": "scraper", "trace_id": "6ee94006b2f5"}
{"timestamp": "2026-05-31T14:18:41.759433+00:00", "level": "INFO", "message": "переход_на_следующую_страницу_выполнен", "logger": "scraper", "trace_id": "6ee94006b2f5"}
{"timestamp": "2026-05-31T14:18:41.759820+00:00", "level": "INFO", "message": "парсинг_страницы", "logger": "scraper", "trace_id": "6ee94006b2f5", "context": {"url_index": 2, "page": 47, "remaining": 947}}
{"timestamp": "2026-05-31T14:19:20.915399+00:00", "level": "INFO", "message": "страница_обработана", "logger": "scraper", "trace_id": "6ee94006b2f5", "context": {"url_index": 2, "page": 47, "found": 49, "total_so_far": 2589}}
{"timestamp": "2026-05-31T14:19:22.167151+00:00", "level": "DEBUG", "message": "клик_далее_выполнен", "logger": "scraper", "trace_id": "6ee94006b2f5"}
{"timestamp": "2026-05-31T14:19:57.343398+00:00", "level": "INFO", "message": "переход_на_следующую_страницу_выполнен", "logger": "scraper", "trace_id": "6ee94006b2f5"}
{"timestamp": "2026-05-31T14:19:57.343856+00:00", "level": "INFO", "message": "парсинг_страницы", "logger": "scraper", "trace_id": "6ee94006b2f5", "context": {"url_index": 2, "page": 48, "remaining": 946}}
{"timestamp": "2026-05-31T14:20:36.420494+00:00", "level": "INFO", "message": "страница_обработана", "logger": "scraper", "trace_id": "6ee94006b2f5", "context": {"url_index": 2, "page": 48, "found": 48, "total_so_far": 2637}}
{"timestamp": "2026-05-31T14:20:37.699661+00:00", "level": "DEBUG", "message": "клик_далее_выполнен", "logger": "scraper", "trace_id": "6ee94006b2f5"}
{"timestamp": "2026-05-31T14:21:14.257859+00:00", "level": "INFO", "message": "переход_на_следующую_страницу_выполнен", "logger": "scraper", "trace_id": "6ee94006b2f5"}
{"timestamp": "2026-05-31T14:21:14.259280+00:00", "level": "INFO", "message": "парсинг_страницы", "logger": "scraper", "trace_id": "6ee94006b2f5", "context": {"url_index": 2, "page": 49, "remaining": 945}}
{"timestamp": "2026-05-31T14:21:53.169833+00:00", "level": "INFO", "message": "страница_обработана", "logger": "scraper", "trace_id": "6ee94006b2f5", "context": {"url_index": 2, "page": 49, "found": 49, "total_so_far": 2686}}
{"timestamp": "2026-05-31T14:21:54.396406+00:00", "level": "DEBUG", "message": "клик_далее_выполнен", "logger": "scraper", "trace_id": "6ee94006b2f5"}
{"timestamp": "2026-05-31T14:22:30.833724+00:00", "level": "INFO", "message": "переход_на_следующую_страницу_выполнен", "logger": "scraper", "trace_id": "6ee94006b2f5"}
{"timestamp": "2026-05-31T14:22:30.833911+00:00", "level": "INFO", "message": "парсинг_страницы", "logger": "scraper", "trace_id": "6ee94006b2f5", "context": {"url_index": 2, "page": 50, "remaining": 944}}
{"timestamp": "2026-05-31T14:23:08.370847+00:00", "level": "INFO", "message": "страница_обработана", "logger": "scraper", "trace_id": "6ee94006b2f5", "context": {"url_index": 2, "page": 50, "found": 50, "total_so_far": 2736}}
{"timestamp": "2026-05-31T14:23:09.581571+00:00", "level": "DEBUG", "message": "клик_далее_выполнен", "logger": "scraper", "trace_id": "6ee94006b2f5"}
{"timestamp": "2026-05-31T14:23:44.951000+00:00", "level": "INFO", "message": "переход_на_следующую_страницу_выполнен", "logger": "scraper", "trace_id": "6ee94006b2f5"}
{"timestamp": "2026-05-31T14:23:44.951268+00:00", "level": "INFO", "message": "парсинг_страницы", "logger": "scraper", "trace_id": "6ee94006b2f5", "context": {"url_index": 2, "page": 51, "remaining": 943}}
{"timestamp": "2026-05-31T14:24:22.884364+00:00", "level": "INFO", "message": "страница_обработана", "logger": "scraper", "trace_id": "6ee94006b2f5", "context": {"url_index": 2, "page": 51, "found": 48, "total_so_far": 2784}}
{"timestamp": "2026-05-31T14:24:24.128730+00:00", "level": "DEBUG", "message": "клик_далее_выполнен", "logger": "scraper", "trace_id": "6ee94006b2f5"}
{"timestamp": "2026-05-31T14:24:59.622318+00:00", "level": "INFO", "message": "переход_на_следующую_страницу_выполнен", "logger": "scraper", "trace_id": "6ee94006b2f5"}
{"timestamp": "2026-05-31T14:24:59.622498+00:00", "level": "INFO", "message": "парсинг_страницы", "logger": "scraper", "trace_id": "6ee94006b2f5", "context": {"url_index": 2, "page": 52, "remaining": 942}}
{"timestamp": "2026-05-31T14:25:41.756654+00:00", "level": "INFO", "message": "страница_обработана", "logger": "scraper", "trace_id": "6ee94006b2f5", "context": {"url_index": 2, "page": 52, "found": 48, "total_so_far": 2832}}
{"timestamp": "2026-05-31T14:25:42.979870+00:00", "level": "DEBUG", "message": "клик_далее_выполнен", "logger": "scraper", "trace_id": "6ee94006b2f5"}
{"timestamp": "2026-05-31T14:26:19.518960+00:00", "level": "INFO", "message": "переход_на_следующую_страницу_выполнен", "logger": "scraper", "trace_id": "6ee94006b2f5"}
{"timestamp": "2026-05-31T14:26:19.519137+00:00", "level": "INFO", "message": "парсинг_страницы", "logger": "scraper", "trace_id": "6ee94006b2f5", "context": {"url_index": 2, "page": 53, "remaining": 941}}
{"timestamp": "2026-05-31T14:27:03.622422+00:00", "level": "INFO", "message": "страница_обработана", "logger": "scraper", "trace_id": "6ee94006b2f5", "context": {"url_index": 2, "page": 53, "found": 50, "total_so_far": 2882}}
{"timestamp": "2026-05-31T14:27:04.887056+00:00", "level": "DEBUG", "message": "клик_далее_выполнен", "logger": "scraper", "trace_id": "6ee94006b2f5"}
{"timestamp": "2026-05-31T14:27:41.904136+00:00", "level": "INFO", "message": "переход_на_следующую_страницу_выполнен", "logger": "scraper", "trace_id": "6ee94006b2f5"}
{"timestamp": "2026-05-31T14:27:41.904404+00:00", "level": "INFO", "message": "парсинг_страницы", "logger": "scraper", "trace_id": "6ee94006b2f5", "context": {"url_index": 2, "page": 54, "remaining": 940}}
{"timestamp": "2026-05-31T14:28:24.628709+00:00", "level": "INFO", "message": "страница_обработана", "logger": "scraper", "trace_id": "6ee94006b2f5", "context": {"url_index": 2, "page": 54, "found": 49, "total_so_far": 2931}}
{"timestamp": "2026-05-31T14:28:25.857060+00:00", "level": "DEBUG", "message": "клик_далее_выполнен", "logger": "scraper", "trace_id": "6ee94006b2f5"}
{"timestamp": "2026-05-31T14:29:02.419612+00:00", "level": "INFO", "message": "переход_на_следующую_страницу_выполнен", "logger": "scraper", "trace_id": "6ee94006b2f5"}
{"timestamp": "2026-05-31T14:29:02.420269+00:00", "level": "INFO", "message": "парсинг_страницы", "logger": "scraper", "trace_id": "6ee94006b2f5", "context": {"url_index": 2, "page": 55, "remaining": 939}}
{"timestamp": "2026-05-31T14:29:41.779854+00:00", "level": "INFO", "message": "страница_обработана", "logger": "scraper", "trace_id": "6ee94006b2f5", "context": {"url_index": 2, "page": 55, "found": 48, "total_so_far": 2979}}
{"timestamp": "2026-05-31T14:29:43.038049+00:00", "level": "DEBUG", "message": "клик_далее_выполнен", "logger": "scraper", "trace_id": "6ee94006b2f5"}
{"timestamp": "2026-05-31T14:30:19.297720+00:00", "level": "INFO", "message": "переход_на_следующую_страницу_выполнен", "logger": "scraper", "trace_id": "6ee94006b2f5"}
{"timestamp": "2026-05-31T14:30:19.297911+00:00", "level": "INFO", "message": "парсинг_страницы", "logger": "scraper", "trace_id": "6ee94006b2f5", "context": {"url_index": 2, "page": 56, "remaining": 938}}
{"timestamp": "2026-05-31T14:30:57.504961+00:00", "level": "INFO", "message": "страница_обработана", "logger": "scraper", "trace_id": "6ee94006b2f5", "context": {"url_index": 2, "page": 56, "found": 50, "total_so_far": 3029}}
{"timestamp": "2026-05-31T14:30:58.728579+00:00", "level": "DEBUG", "message": "клик_далее_выполнен", "logger": "scraper", "trace_id": "6ee94006b2f5"}
{"timestamp": "2026-05-31T14:31:34.943908+00:00", "level": "INFO", "message": "переход_на_следующую_страницу_выполнен", "logger": "scraper", "trace_id": "6ee94006b2f5"}
{"timestamp": "2026-05-31T14:31:34.944266+00:00", "level": "INFO", "message": "парсинг_страницы", "logger": "scraper", "trace_id": "6ee94006b2f5", "context": {"url_index": 2, "page": 57, "remaining": 937}}
{"timestamp": "2026-05-31T14:32:14.501794+00:00", "level": "INFO", "message": "страница_обработана", "logger": "scraper", "trace_id": "6ee94006b2f5", "context": {"url_index": 2, "page": 57, "found": 47, "total_so_far": 3076}}
{"timestamp": "2026-05-31T14:32:15.761621+00:00", "level": "DEBUG", "message": "клик_далее_выполнен", "logger": "scraper", "trace_id": "6ee94006b2f5"}
{"timestamp": "2026-05-31T14:32:53.793980+00:00", "level": "INFO", "message": "переход_на_следующую_страницу_выполнен", "logger": "scraper", "trace_id": "6ee94006b2f5"}
{"timestamp": "2026-05-31T14:32:53.794215+00:00", "level": "INFO", "message": "парсинг_страницы", "logger": "scraper", "trace_id": "6ee94006b2f5", "context": {"url_index": 2, "page": 58, "remaining": 936}}
{"timestamp": "2026-05-31T14:33:35.743763+00:00", "level": "INFO", "message": "страница_обработана", "logger": "scraper", "trace_id": "6ee94006b2f5", "context": {"url_index": 2, "page": 58, "found": 48, "total_so_far": 3124}}
{"timestamp": "2026-05-31T14:33:36.964952+00:00", "level": "DEBUG", "message": "клик_далее_выполнен", "logger": "scraper", "trace_id": "6ee94006b2f5"}
{"timestamp": "2026-05-31T14:34:12.691041+00:00", "level": "INFO", "message": "переход_на_следующую_страницу_выполнен", "logger": "scraper", "trace_id": "6ee94006b2f5"}
{"timestamp": "2026-05-31T14:34:12.691576+00:00", "level": "INFO", "message": "парсинг_страницы", "logger": "scraper", "trace_id": "6ee94006b2f5", "context": {"url_index": 2, "page": 59, "remaining": 935}}
{"timestamp": "2026-05-31T14:34:56.464371+00:00", "level": "INFO", "message": "страница_обработана", "logger": "scraper", "trace_id": "6ee94006b2f5", "context": {"url_index": 2, "page": 59, "found": 48, "total_so_far": 3172}}
{"timestamp": "2026-05-31T14:34:57.691891+00:00", "level": "DEBUG", "message": "клик_далее_выполнен", "logger": "scraper", "trace_id": "6ee94006b2f5"}
{"timestamp": "2026-05-31T14:35:32.852287+00:00", "level": "INFO", "message": "переход_на_следующую_страницу_выполнен", "logger": "scraper", "trace_id": "6ee94006b2f5"}
{"timestamp": "2026-05-31T14:35:32.852541+00:00", "level": "INFO", "message": "парсинг_страницы", "logger": "scraper", "trace_id": "6ee94006b2f5", "context": {"url_index": 2, "page": 60, "remaining": 934}}
{"timestamp": "2026-05-31T14:36:17.359500+00:00", "level": "INFO", "message": "страница_обработана", "logger": "scraper", "trace_id": "6ee94006b2f5", "context": {"url_index": 2, "page": 60, "found": 49, "total_so_far": 3221}}
{"timestamp": "2026-05-31T14:36:18.612702+00:00", "level": "DEBUG", "message": "клик_далее_выполнен", "logger": "scraper", "trace_id": "6ee94006b2f5"}
{"timestamp": "2026-05-31T14:36:54.510639+00:00", "level": "INFO", "message": "переход_на_следующую_страницу_выполнен", "logger": "scraper", "trace_id": "6ee94006b2f5"}
{"timestamp": "2026-05-31T14:36:54.510861+00:00", "level": "INFO", "message": "парсинг_страницы", "logger": "scraper", "trace_id": "6ee94006b2f5", "context": {"url_index": 2, "page": 61, "remaining": 933}}
{"timestamp": "2026-05-31T14:37:39.828821+00:00", "level": "INFO", "message": "страница_обработана", "logger": "scraper", "trace_id": "6ee94006b2f5", "context": {"url_index": 2, "page": 61, "found": 48, "total_so_far": 3269}}
{"timestamp": "2026-05-31T14:37:41.059616+00:00", "level": "DEBUG", "message": "клик_далее_выполнен", "logger": "scraper", "trace_id": "6ee94006b2f5"}
{"timestamp": "2026-05-31T14:38:17.642466+00:00", "level": "INFO", "message": "переход_на_следующую_страницу_выполнен", "logger": "scraper", "trace_id": "6ee94006b2f5"}
{"timestamp": "2026-05-31T14:38:17.642669+00:00", "level": "INFO", "message": "парсинг_страницы", "logger": "scraper", "trace_id": "6ee94006b2f5", "context": {"url_index": 2, "page": 62, "remaining": 932}}
{"timestamp": "2026-05-31T14:39:02.453971+00:00", "level": "INFO", "message": "страница_обработана", "logger": "scraper", "trace_id": "6ee94006b2f5", "context": {"url_index": 2, "page": 62, "found": 48, "total_so_far": 3317}}
{"timestamp": "2026-05-31T14:39:03.685166+00:00", "level": "DEBUG", "message": "клик_далее_выполнен", "logger": "scraper", "trace_id": "6ee94006b2f5"}
{"timestamp": "2026-05-31T14:39:39.980232+00:00", "level": "INFO", "message": "переход_на_следующую_страницу_выполнен", "logger": "scraper", "trace_id": "6ee94006b2f5"}
{"timestamp": "2026-05-31T14:39:39.981020+00:00", "level": "INFO", "message": "парсинг_страницы", "logger": "scraper", "trace_id": "6ee94006b2f5", "context": {"url_index": 2, "page": 63, "remaining": 931}}
{"timestamp": "2026-05-31T14:40:27.294821+00:00", "level": "INFO", "message": "страница_обработана", "logger": "scraper", "trace_id": "6ee94006b2f5", "context": {"url_index": 2, "page": 63, "found": 49, "total_so_far": 3366}}
{"timestamp": "2026-05-31T14:40:28.559848+00:00", "level": "DEBUG", "message": "клик_далее_выполнен", "logger": "scraper", "trace_id": "6ee94006b2f5"}
{"timestamp": "2026-05-31T14:41:03.716339+00:00", "level": "INFO", "message": "переход_на_следующую_страницу_выполнен", "logger": "scraper", "trace_id": "6ee94006b2f5"}
{"timestamp": "2026-05-31T14:41:03.716940+00:00", "level": "INFO", "message": "парсинг_страницы", "logger": "scraper", "trace_id": "6ee94006b2f5", "context": {"url_index": 2, "page": 64, "remaining": 930}}
{"timestamp": "2026-05-31T14:41:45.652870+00:00", "level": "INFO", "message": "страница_обработана", "logger": "scraper", "trace_id": "6ee94006b2f5", "context": {"url_index": 2, "page": 64, "found": 48, "total_so_far": 3414}}
{"timestamp": "2026-05-31T14:41:46.870315+00:00", "level": "DEBUG", "message": "клик_далее_выполнен", "logger": "scraper", "trace_id": "6ee94006b2f5"}
{"timestamp": "2026-05-31T14:42:22.628693+00:00", "level": "INFO", "message": "переход_на_следующую_страницу_выполнен", "logger": "scraper", "trace_id": "6ee94006b2f5"}
{"timestamp": "2026-05-31T14:42:22.628918+00:00", "level": "INFO", "message": "парсинг_страницы", "logger": "scraper", "trace_id": "6ee94006b2f5", "context": {"url_index": 2, "page": 65, "remaining": 929}}
{"timestamp": "2026-05-31T14:43:03.767630+00:00", "level": "INFO", "message": "страница_обработана", "logger": "scraper", "trace_id": "6ee94006b2f5", "context": {"url_index": 2, "page": 65, "found": 46, "total_so_far": 3460}}
{"timestamp": "2026-05-31T14:43:04.995267+00:00", "level": "DEBUG", "message": "клик_далее_выполнен", "logger": "scraper", "trace_id": "6ee94006b2f5"}
{"timestamp": "2026-05-31T14:43:41.516492+00:00", "level": "INFO", "message": "переход_на_следующую_страницу_выполнен", "logger": "scraper", "trace_id": "6ee94006b2f5"}
{"timestamp": "2026-05-31T14:43:41.516698+00:00", "level": "INFO", "message": "парсинг_страницы", "logger": "scraper", "trace_id": "6ee94006b2f5", "context": {"url_index": 2, "page": 66, "remaining": 928}}
{"timestamp": "2026-05-31T14:44:26.894383+00:00", "level": "INFO", "message": "страница_обработана", "logger": "scraper", "trace_id": "6ee94006b2f5", "context": {"url_index": 2, "page": 66, "found": 49, "total_so_far": 3509}}
{"timestamp": "2026-05-31T14:44:28.138249+00:00", "level": "DEBUG", "message": "клик_далее_выполнен", "logger": "scraper", "trace_id": "6ee94006b2f5"}
{"timestamp": "2026-05-31T14:45:04.461789+00:00", "level": "INFO", "message": "переход_на_следующую_страницу_выполнен", "logger": "scraper", "trace_id": "6ee94006b2f5"}
{"timestamp": "2026-05-31T14:45:04.462529+00:00", "level": "INFO", "message": "парсинг_страницы", "logger": "scraper", "trace_id": "6ee94006b2f5", "context": {"url_index": 2, "page": 67, "remaining": 927}}
{"timestamp": "2026-05-31T14:45:47.947138+00:00", "level": "INFO", "message": "страница_обработана", "logger": "scraper", "trace_id": "6ee94006b2f5", "context": {"url_index": 2, "page": 67, "found": 49, "total_so_far": 3558}}
{"timestamp": "2026-05-31T14:45:49.179478+00:00", "level": "DEBUG", "message": "клик_далее_выполнен", "logger": "scraper", "trace_id": "6ee94006b2f5"}
{"timestamp": "2026-05-31T14:46:26.326926+00:00", "level": "INFO", "message": "переход_на_следующую_страницу_выполнен", "logger": "scraper", "trace_id": "6ee94006b2f5"}
{"timestamp": "2026-05-31T14:46:26.327282+00:00", "level": "INFO", "message": "парсинг_страницы", "logger": "scraper", "trace_id": "6ee94006b2f5", "context": {"url_index": 2, "page": 68, "remaining": 926}}
{"timestamp": "2026-05-31T14:47:15.587859+00:00", "level": "INFO", "message": "страница_обработана", "logger": "scraper", "trace_id": "6ee94006b2f5", "context": {"url_index": 2, "page": 68, "found": 50, "total_so_far": 3608}}
{"timestamp": "2026-05-31T14:47:16.851810+00:00", "level": "DEBUG", "message": "клик_далее_выполнен", "logger": "scraper", "trace_id": "6ee94006b2f5"}
{"timestamp": "2026-05-31T14:47:53.464320+00:00", "level": "INFO", "message": "переход_на_следующую_страницу_выполнен", "logger": "scraper", "trace_id": "6ee94006b2f5"}
{"timestamp": "2026-05-31T14:47:53.464958+00:00", "level": "INFO", "message": "парсинг_страницы", "logger": "scraper", "trace_id": "6ee94006b2f5", "context": {"url_index": 2, "page": 69, "remaining": 925}}
{"timestamp": "2026-05-31T14:48:36.377956+00:00", "level": "INFO", "message": "страница_обработана", "logger": "scraper", "trace_id": "6ee94006b2f5", "context": {"url_index": 2, "page": 69, "found": 48, "total_so_far": 3656}}
{"timestamp": "2026-05-31T14:48:37.573191+00:00", "level": "DEBUG", "message": "клик_далее_выполнен", "logger": "scraper", "trace_id": "6ee94006b2f5"}
{"timestamp": "2026-05-31T14:49:14.054098+00:00", "level": "INFO", "message": "переход_на_следующую_страницу_выполнен", "logger": "scraper", "trace_id": "6ee94006b2f5"}
{"timestamp": "2026-05-31T14:49:14.054358+00:00", "level": "INFO", "message": "парсинг_страницы", "logger": "scraper", "trace_id": "6ee94006b2f5", "context": {"url_index": 2, "page": 70, "remaining": 924}}
{"timestamp": "2026-05-31T14:50:06.252683+00:00", "level": "INFO", "message": "страница_обработана", "logger": "scraper", "trace_id": "6ee94006b2f5", "context": {"url_index": 2, "page": 70, "found": 48, "total_so_far": 3704}}
{"timestamp": "2026-05-31T14:50:07.531591+00:00", "level": "DEBUG", "message": "клик_далее_выполнен", "logger": "scraper", "trace_id": "6ee94006b2f5"}
{"timestamp": "2026-05-31T14:50:43.990897+00:00", "level": "INFO", "message": "переход_на_следующую_страницу_выполнен", "logger": "scraper", "trace_id": "6ee94006b2f5"}
{"timestamp": "2026-05-31T14:50:43.991776+00:00", "level": "INFO", "message": "парсинг_страницы", "logger": "scraper", "trace_id": "6ee94006b2f5", "context": {"url_index": 2, "page": 71, "remaining": 923}}
{"timestamp": "2026-05-31T14:50:55.840271+00:00", "level": "INFO", "message": "страница_обработана", "logger": "scraper", "trace_id": "6ee94006b2f5", "context": {"url_index": 2, "page": 71, "found": 8, "total_so_far": 3712}}
{"timestamp": "2026-05-31T14:50:56.855730+00:00", "level": "DEBUG", "message": "кнопка_далее_не_найдена", "logger": "scraper", "trace_id": "6ee94006b2f5"}
{"timestamp": "2026-05-31T14:50:56.856183+00:00", "level": "INFO", "message": "последняя_страница_достигнута", "logger": "scraper", "trace_id": "6ee94006b2f5", "context": {"url_index": 2, "page": 71}}
{"timestamp": "2026-05-31T14:50:56.856476+00:00", "level": "INFO", "message": "ссылка_обработана", "logger": "scraper", "trace_id": "6ee94006b2f5", "context": {"url_index": 2, "pages_from_url": 71, "total_pages_processed": 77, "listings_so_far": 3712}}
{"timestamp": "2026-05-31T14:50:56.856717+00:00", "level": "INFO", "message": "начало_обхода_ссылки", "logger": "scraper", "trace_id": "6ee94006b2f5", "context": {"url_index": 3, "urls_total": 3, "remaining_pages": 922, "url": "https://sutochno.ru/front/searchapp/search?guests_adults=2&term=%D0%A1%D0%B0%D0%..."}}
{"timestamp": "2026-05-31T14:50:56.857036+00:00", "level": "DEBUG", "message": "навигация", "logger": "browser", "trace_id": "6ee94006b2f5", "context": {"path": "https://sutochno.ru/front/searchapp/search?guests_adults=2&term=%D0%A1%D0%B0%D0%BD%D0%BA%D1%82-%D0%9F%D0%B5%D1%82%D0%B5%D1%80%D0%B1%D1%83%D1%80%D0%B3&id=397367&type=city&SW.lat=59.78064105467368&SW.lng=30.035056815429677&NE.lat=60.05472305920819&NE.lng=30.57476018457031&price_per=1&is_apartment=1&price=3000,4000"}}
{"timestamp": "2026-05-31T14:51:15.515874+00:00", "level": "INFO", "message": "парсинг_страницы", "logger": "scraper", "trace_id": "6ee94006b2f5", "context": {"url_index": 3, "page": 1, "remaining": 922}}
{"timestamp": "2026-05-31T14:51:47.919345+00:00", "level": "INFO", "message": "страница_обработана", "logger": "scraper", "trace_id": "6ee94006b2f5", "context": {"url_index": 3, "page": 1, "found": 47, "total_so_far": 3759}}
{"timestamp": "2026-05-31T14:51:49.409313+00:00", "level": "DEBUG", "message": "клик_далее_выполнен", "logger": "scraper", "trace_id": "6ee94006b2f5"}
{"timestamp": "2026-05-31T14:52:26.445097+00:00", "level": "INFO", "message": "переход_на_следующую_страницу_выполнен", "logger": "scraper", "trace_id": "6ee94006b2f5"}
{"timestamp": "2026-05-31T14:52:26.445403+00:00", "level": "INFO", "message": "парсинг_страницы", "logger": "scraper", "trace_id": "6ee94006b2f5", "context": {"url_index": 3, "page": 2, "remaining": 921}}
{"timestamp": "2026-05-31T14:52:55.272670+00:00", "level": "INFO", "message": "страница_обработана", "logger": "scraper", "trace_id": "6ee94006b2f5", "context": {"url_index": 3, "page": 2, "found": 49, "total_so_far": 3808}}
{"timestamp": "2026-05-31T14:52:56.598542+00:00", "level": "DEBUG", "message": "клик_далее_выполнен", "logger": "scraper", "trace_id": "6ee94006b2f5"}
{"timestamp": "2026-05-31T14:53:32.990905+00:00", "level": "INFO", "message": "переход_на_следующую_страницу_выполнен", "logger": "scraper", "trace_id": "6ee94006b2f5"}
{"timestamp": "2026-05-31T14:53:32.991095+00:00", "level": "INFO", "message": "парсинг_страницы", "logger": "scraper", "trace_id": "6ee94006b2f5", "context": {"url_index": 3, "page": 3, "remaining": 920}}
{"timestamp": "2026-05-31T14:54:01.834360+00:00", "level": "INFO", "message": "страница_обработана", "logger": "scraper", "trace_id": "6ee94006b2f5", "context": {"url_index": 3, "page": 3, "found": 48, "total_so_far": 3856}}
{"timestamp": "2026-05-31T14:54:03.147637+00:00", "level": "DEBUG", "message": "клик_далее_выполнен", "logger": "scraper", "trace_id": "6ee94006b2f5"}
{"timestamp": "2026-05-31T14:54:40.762418+00:00", "level": "INFO", "message": "переход_на_следующую_страницу_выполнен", "logger": "scraper", "trace_id": "6ee94006b2f5"}
{"timestamp": "2026-05-31T14:54:40.762636+00:00", "level": "INFO", "message": "парсинг_страницы", "logger": "scraper", "trace_id": "6ee94006b2f5", "context": {"url_index": 3, "page": 4, "remaining": 919}}
{"timestamp": "2026-05-31T14:55:10.843860+00:00", "level": "INFO", "message": "страница_обработана", "logger": "scraper", "trace_id": "6ee94006b2f5", "context": {"url_index": 3, "page": 4, "found": 45, "total_so_far": 3901}}
{"timestamp": "2026-05-31T14:55:12.179450+00:00", "level": "DEBUG", "message": "клик_далее_выполнен", "logger": "scraper", "trace_id": "6ee94006b2f5"}
{"timestamp": "2026-05-31T14:55:49.991055+00:00", "level": "INFO", "message": "переход_на_следующую_страницу_выполнен", "logger": "scraper", "trace_id": "6ee94006b2f5"}
{"timestamp": "2026-05-31T14:55:49.991500+00:00", "level": "INFO", "message": "парсинг_страницы", "logger": "scraper", "trace_id": "6ee94006b2f5", "context": {"url_index": 3, "page": 5, "remaining": 918}}
{"timestamp": "2026-05-31T14:56:22.505796+00:00", "level": "INFO", "message": "страница_обработана", "logger": "scraper", "trace_id": "6ee94006b2f5", "context": {"url_index": 3, "page": 5, "found": 45, "total_so_far": 3946}}
{"timestamp": "2026-05-31T14:56:23.780729+00:00", "level": "DEBUG", "message": "клик_далее_выполнен", "logger": "scraper", "trace_id": "6ee94006b2f5"}
{"timestamp": "2026-05-31T14:56:59.991417+00:00", "level": "INFO", "message": "переход_на_следующую_страницу_выполнен", "logger": "scraper", "trace_id": "6ee94006b2f5"}
{"timestamp": "2026-05-31T14:56:59.991682+00:00", "level": "INFO", "message": "парсинг_страницы", "logger": "scraper", "trace_id": "6ee94006b2f5", "context": {"url_index": 3, "page": 6, "remaining": 917}}
{"timestamp": "2026-05-31T14:57:30.226727+00:00", "level": "INFO", "message": "страница_обработана", "logger": "scraper", "trace_id": "6ee94006b2f5", "context": {"url_index": 3, "page": 6, "found": 46, "total_so_far": 3992}}
{"timestamp": "2026-05-31T14:57:31.509068+00:00", "level": "DEBUG", "message": "клик_далее_выполнен", "logger": "scraper", "trace_id": "6ee94006b2f5"}
{"timestamp": "2026-05-31T14:58:07.552524+00:00", "level": "INFO", "message": "переход_на_следующую_страницу_выполнен", "logger": "scraper", "trace_id": "6ee94006b2f5"}
{"timestamp": "2026-05-31T14:58:07.552671+00:00", "level": "INFO", "message": "парсинг_страницы", "logger": "scraper", "trace_id": "6ee94006b2f5", "context": {"url_index": 3, "page": 7, "remaining": 916}}
{"timestamp": "2026-05-31T14:58:37.240473+00:00", "level": "INFO", "message": "страница_обработана", "logger": "scraper", "trace_id": "6ee94006b2f5", "context": {"url_index": 3, "page": 7, "found": 46, "total_so_far": 4038}}
{"timestamp": "2026-05-31T14:58:38.492228+00:00", "level": "DEBUG", "message": "клик_далее_выполнен", "logger": "scraper", "trace_id": "6ee94006b2f5"}
{"timestamp": "2026-05-31T14:59:14.379722+00:00", "level": "INFO", "message": "переход_на_следующую_страницу_выполнен", "logger": "scraper", "trace_id": "6ee94006b2f5"}
{"timestamp": "2026-05-31T14:59:14.380327+00:00", "level": "INFO", "message": "парсинг_страницы", "logger": "scraper", "trace_id": "6ee94006b2f5", "context": {"url_index": 3, "page": 8, "remaining": 915}}
{"timestamp": "2026-05-31T14:59:45.175424+00:00", "level": "INFO", "message": "страница_обработана", "logger": "scraper", "trace_id": "6ee94006b2f5", "context": {"url_index": 3, "page": 8, "found": 45, "total_so_far": 4083}}
{"timestamp": "2026-05-31T14:59:46.433448+00:00", "level": "DEBUG", "message": "клик_далее_выполнен", "logger": "scraper", "trace_id": "6ee94006b2f5"}
{"timestamp": "2026-05-31T15:00:24.282938+00:00", "level": "INFO", "message": "переход_на_следующую_страницу_выполнен", "logger": "scraper", "trace_id": "6ee94006b2f5"}
{"timestamp": "2026-05-31T15:00:24.283131+00:00", "level": "INFO", "message": "парсинг_страницы", "logger": "scraper", "trace_id": "6ee94006b2f5", "context": {"url_index": 3, "page": 9, "remaining": 914}}
{"timestamp": "2026-05-31T15:00:57.084823+00:00", "level": "INFO", "message": "страница_обработана", "logger": "scraper", "trace_id": "6ee94006b2f5", "context": {"url_index": 3, "page": 9, "found": 45, "total_so_far": 4128}}
{"timestamp": "2026-05-31T15:00:58.331113+00:00", "level": "DEBUG", "message": "клик_далее_выполнен", "logger": "scraper", "trace_id": "6ee94006b2f5"}
{"timestamp": "2026-05-31T15:01:34.016690+00:00", "level": "INFO", "message": "переход_на_следующую_страницу_выполнен", "logger": "scraper", "trace_id": "6ee94006b2f5"}
{"timestamp": "2026-05-31T15:01:34.017115+00:00", "level": "INFO", "message": "парсинг_страницы", "logger": "scraper", "trace_id": "6ee94006b2f5", "context": {"url_index": 3, "page": 10, "remaining": 913}}
{"timestamp": "2026-05-31T15:02:06.285338+00:00", "level": "INFO", "message": "страница_обработана", "logger": "scraper", "trace_id": "6ee94006b2f5", "context": {"url_index": 3, "page": 10, "found": 45, "total_so_far": 4173}}
{"timestamp": "2026-05-31T15:02:07.563968+00:00", "level": "DEBUG", "message": "клик_далее_выполнен", "logger": "scraper", "trace_id": "6ee94006b2f5"}
{"timestamp": "2026-05-31T15:02:44.040595+00:00", "level": "INFO", "message": "переход_на_следующую_страницу_выполнен", "logger": "scraper", "trace_id": "6ee94006b2f5"}
{"timestamp": "2026-05-31T15:02:44.043340+00:00", "level": "INFO", "message": "парсинг_страницы", "logger": "scraper", "trace_id": "6ee94006b2f5", "context": {"url_index": 3, "page": 11, "remaining": 912}}
{"timestamp": "2026-05-31T15:03:13.691779+00:00", "level": "INFO", "message": "страница_обработана", "logger": "scraper", "trace_id": "6ee94006b2f5", "context": {"url_index": 3, "page": 11, "found": 43, "total_so_far": 4216}}
{"timestamp": "2026-05-31T15:03:14.981405+00:00", "level": "DEBUG", "message": "клик_далее_выполнен", "logger": "scraper", "trace_id": "6ee94006b2f5"}
{"timestamp": "2026-05-31T15:03:51.656993+00:00", "level": "INFO", "message": "переход_на_следующую_страницу_выполнен", "logger": "scraper", "trace_id": "6ee94006b2f5"}
{"timestamp": "2026-05-31T15:03:51.657277+00:00", "level": "INFO", "message": "парсинг_страницы", "logger": "scraper", "trace_id": "6ee94006b2f5", "context": {"url_index": 3, "page": 12, "remaining": 911}}
{"timestamp": "2026-05-31T15:04:26.758519+00:00", "level": "INFO", "message": "страница_обработана", "logger": "scraper", "trace_id": "6ee94006b2f5", "context": {"url_index": 3, "page": 12, "found": 47, "total_so_far": 4263}}
{"timestamp": "2026-05-31T15:04:28.051523+00:00", "level": "DEBUG", "message": "клик_далее_выполнен", "logger": "scraper", "trace_id": "6ee94006b2f5"}
{"timestamp": "2026-05-31T15:05:03.597195+00:00", "level": "INFO", "message": "переход_на_следующую_страницу_выполнен", "logger": "scraper", "trace_id": "6ee94006b2f5"}
{"timestamp": "2026-05-31T15:05:03.597534+00:00", "level": "INFO", "message": "парсинг_страницы", "logger": "scraper", "trace_id": "6ee94006b2f5", "context": {"url_index": 3, "page": 13, "remaining": 910}}
{"timestamp": "2026-05-31T15:05:35.107124+00:00", "level": "INFO", "message": "страница_обработана", "logger": "scraper", "trace_id": "6ee94006b2f5", "context": {"url_index": 3, "page": 13, "found": 43, "total_so_far": 4306}}
{"timestamp": "2026-05-31T15:05:36.344927+00:00", "level": "DEBUG", "message": "клик_далее_выполнен", "logger": "scraper", "trace_id": "6ee94006b2f5"}
{"timestamp": "2026-05-31T15:06:13.559282+00:00", "level": "INFO", "message": "переход_на_следующую_страницу_выполнен", "logger": "scraper", "trace_id": "6ee94006b2f5"}
{"timestamp": "2026-05-31T15:06:13.559517+00:00", "level": "INFO", "message": "парсинг_страницы", "logger": "scraper", "trace_id": "6ee94006b2f5", "context": {"url_index": 3, "page": 14, "remaining": 909}}
{"timestamp": "2026-05-31T15:06:45.582877+00:00", "level": "INFO", "message": "страница_обработана", "logger": "scraper", "trace_id": "6ee94006b2f5", "context": {"url_index": 3, "page": 14, "found": 41, "total_so_far": 4347}}
{"timestamp": "2026-05-31T15:06:46.814932+00:00", "level": "DEBUG", "message": "клик_далее_выполнен", "logger": "scraper", "trace_id": "6ee94006b2f5"}
{"timestamp": "2026-05-31T15:07:23.653703+00:00", "level": "INFO", "message": "переход_на_следующую_страницу_выполнен", "logger": "scraper", "trace_id": "6ee94006b2f5"}
{"timestamp": "2026-05-31T15:07:23.653903+00:00", "level": "INFO", "message": "парсинг_страницы", "logger": "scraper", "trace_id": "6ee94006b2f5", "context": {"url_index": 3, "page": 15, "remaining": 908}}
{"timestamp": "2026-05-31T15:07:56.231529+00:00", "level": "INFO", "message": "страница_обработана", "logger": "scraper", "trace_id": "6ee94006b2f5", "context": {"url_index": 3, "page": 15, "found": 46, "total_so_far": 4393}}
{"timestamp": "2026-05-31T15:07:57.488943+00:00", "level": "DEBUG", "message": "клик_далее_выполнен", "logger": "scraper", "trace_id": "6ee94006b2f5"}
{"timestamp": "2026-05-31T15:08:34.996124+00:00", "level": "INFO", "message": "переход_на_следующую_страницу_выполнен", "logger": "scraper", "trace_id": "6ee94006b2f5"}
{"timestamp": "2026-05-31T15:08:34.996636+00:00", "level": "INFO", "message": "парсинг_страницы", "logger": "scraper", "trace_id": "6ee94006b2f5", "context": {"url_index": 3, "page": 16, "remaining": 907}}
{"timestamp": "2026-05-31T15:09:06.791887+00:00", "level": "INFO", "message": "страница_обработана", "logger": "scraper", "trace_id": "6ee94006b2f5", "context": {"url_index": 3, "page": 16, "found": 40, "total_so_far": 4433}}
{"timestamp": "2026-05-31T15:09:08.156382+00:00", "level": "DEBUG", "message": "клик_далее_выполнен", "logger": "scraper", "trace_id": "6ee94006b2f5"}
{"timestamp": "2026-05-31T15:09:45.130896+00:00", "level": "INFO", "message": "переход_на_следующую_страницу_выполнен", "logger": "scraper", "trace_id": "6ee94006b2f5"}
{"timestamp": "2026-05-31T15:09:45.131103+00:00", "level": "INFO", "message": "парсинг_страницы", "logger": "scraper", "trace_id": "6ee94006b2f5", "context": {"url_index": 3, "page": 17, "remaining": 906}}
{"timestamp": "2026-05-31T15:10:20.685188+00:00", "level": "INFO", "message": "страница_обработана", "logger": "scraper", "trace_id": "6ee94006b2f5", "context": {"url_index": 3, "page": 17, "found": 42, "total_so_far": 4475}}
{"timestamp": "2026-05-31T15:10:21.946172+00:00", "level": "DEBUG", "message": "клик_далее_выполнен", "logger": "scraper", "trace_id": "6ee94006b2f5"}
{"timestamp": "2026-05-31T15:10:59.541443+00:00", "level": "INFO", "message": "переход_на_следующую_страницу_выполнен", "logger": "scraper", "trace_id": "6ee94006b2f5"}
{"timestamp": "2026-05-31T15:10:59.541915+00:00", "level": "INFO", "message": "парсинг_страницы", "logger": "scraper", "trace_id": "6ee94006b2f5", "context": {"url_index": 3, "page": 18, "remaining": 905}}
{"timestamp": "2026-05-31T15:11:36.850993+00:00", "level": "INFO", "message": "страница_обработана", "logger": "scraper", "trace_id": "6ee94006b2f5", "context": {"url_index": 3, "page": 18, "found": 44, "total_so_far": 4519}}
{"timestamp": "2026-05-31T15:11:38.230934+00:00", "level": "DEBUG", "message": "клик_далее_выполнен", "logger": "scraper", "trace_id": "6ee94006b2f5"}
{"timestamp": "2026-05-31T15:12:15.446632+00:00", "level": "INFO", "message": "переход_на_следующую_страницу_выполнен", "logger": "scraper", "trace_id": "6ee94006b2f5"}
{"timestamp": "2026-05-31T15:12:15.447077+00:00", "level": "INFO", "message": "парсинг_страницы", "logger": "scraper", "trace_id": "6ee94006b2f5", "context": {"url_index": 3, "page": 19, "remaining": 904}}
{"timestamp": "2026-05-31T15:12:52.383636+00:00", "level": "INFO", "message": "страница_обработана", "logger": "scraper", "trace_id": "6ee94006b2f5", "context": {"url_index": 3, "page": 19, "found": 44, "total_so_far": 4563}}
{"timestamp": "2026-05-31T15:12:53.641045+00:00", "level": "DEBUG", "message": "клик_далее_выполнен", "logger": "scraper", "trace_id": "6ee94006b2f5"}
{"timestamp": "2026-05-31T15:13:30.343414+00:00", "level": "INFO", "message": "переход_на_следующую_страницу_выполнен", "logger": "scraper", "trace_id": "6ee94006b2f5"}
{"timestamp": "2026-05-31T15:13:30.344294+00:00", "level": "INFO", "message": "парсинг_страницы", "logger": "scraper", "trace_id": "6ee94006b2f5", "context": {"url_index": 3, "page": 20, "remaining": 903}}
{"timestamp": "2026-05-31T15:14:02.639083+00:00", "level": "INFO", "message": "страница_обработана", "logger": "scraper", "trace_id": "6ee94006b2f5", "context": {"url_index": 3, "page": 20, "found": 45, "total_so_far": 4608}}
{"timestamp": "2026-05-31T15:14:03.925452+00:00", "level": "DEBUG", "message": "клик_далее_выполнен", "logger": "scraper", "trace_id": "6ee94006b2f5"}
{"timestamp": "2026-05-31T15:14:39.123375+00:00", "level": "INFO", "message": "переход_на_следующую_страницу_выполнен", "logger": "scraper", "trace_id": "6ee94006b2f5"}
{"timestamp": "2026-05-31T15:14:39.123588+00:00", "level": "INFO", "message": "парсинг_страницы", "logger": "scraper", "trace_id": "6ee94006b2f5", "context": {"url_index": 3, "page": 21, "remaining": 902}}
{"timestamp": "2026-05-31T15:15:11.383985+00:00", "level": "INFO", "message": "страница_обработана", "logger": "scraper", "trace_id": "6ee94006b2f5", "context": {"url_index": 3, "page": 21, "found": 42, "total_so_far": 4650}}
{"timestamp": "2026-05-31T15:15:12.653223+00:00", "level": "DEBUG", "message": "клик_далее_выполнен", "logger": "scraper", "trace_id": "6ee94006b2f5"}
{"timestamp": "2026-05-31T15:15:47.847085+00:00", "level": "INFO", "message": "переход_на_следующую_страницу_выполнен", "logger": "scraper", "trace_id": "6ee94006b2f5"}
{"timestamp": "2026-05-31T15:15:47.847517+00:00", "level": "INFO", "message": "парсинг_страницы", "logger": "scraper", "trace_id": "6ee94006b2f5", "context": {"url_index": 3, "page": 22, "remaining": 901}}
{"timestamp": "2026-05-31T15:16:18.530008+00:00", "level": "INFO", "message": "страница_обработана", "logger": "scraper", "trace_id": "6ee94006b2f5", "context": {"url_index": 3, "page": 22, "found": 43, "total_so_far": 4693}}
{"timestamp": "2026-05-31T15:16:19.786732+00:00", "level": "DEBUG", "message": "клик_далее_выполнен", "logger": "scraper", "trace_id": "6ee94006b2f5"}
{"timestamp": "2026-05-31T15:16:55.633437+00:00", "level": "INFO", "message": "переход_на_следующую_страницу_выполнен", "logger": "scraper", "trace_id": "6ee94006b2f5"}
{"timestamp": "2026-05-31T15:16:55.633900+00:00", "level": "INFO", "message": "парсинг_страницы", "logger": "scraper", "trace_id": "6ee94006b2f5", "context": {"url_index": 3, "page": 23, "remaining": 900}}
{"timestamp": "2026-05-31T15:17:29.760145+00:00", "level": "INFO", "message": "страница_обработана", "logger": "scraper", "trace_id": "6ee94006b2f5", "context": {"url_index": 3, "page": 23, "found": 42, "total_so_far": 4735}}
{"timestamp": "2026-05-31T15:17:31.143360+00:00", "level": "DEBUG", "message": "клик_далее_выполнен", "logger": "scraper", "trace_id": "6ee94006b2f5"}
{"timestamp": "2026-05-31T15:18:06.807317+00:00", "level": "INFO", "message": "переход_на_следующую_страницу_выполнен", "logger": "scraper", "trace_id": "6ee94006b2f5"}
{"timestamp": "2026-05-31T15:18:06.808014+00:00", "level": "INFO", "message": "парсинг_страницы", "logger": "scraper", "trace_id": "6ee94006b2f5", "context": {"url_index": 3, "page": 24, "remaining": 899}}
{"timestamp": "2026-05-31T15:18:41.811666+00:00", "level": "INFO", "message": "страница_обработана", "logger": "scraper", "trace_id": "6ee94006b2f5", "context": {"url_index": 3, "page": 24, "found": 45, "total_so_far": 4780}}
{"timestamp": "2026-05-31T15:18:43.060729+00:00", "level": "DEBUG", "message": "клик_далее_выполнен", "logger": "scraper", "trace_id": "6ee94006b2f5"}
{"timestamp": "2026-05-31T15:19:20.732119+00:00", "level": "INFO", "message": "переход_на_следующую_страницу_выполнен", "logger": "scraper", "trace_id": "6ee94006b2f5"}
{"timestamp": "2026-05-31T15:19:20.732270+00:00", "level": "INFO", "message": "парсинг_страницы", "logger": "scraper", "trace_id": "6ee94006b2f5", "context": {"url_index": 3, "page": 25, "remaining": 898}}
{"timestamp": "2026-05-31T15:20:00.458069+00:00", "level": "INFO", "message": "страница_обработана", "logger": "scraper", "trace_id": "6ee94006b2f5", "context": {"url_index": 3, "page": 25, "found": 45, "total_so_far": 4825}}
{"timestamp": "2026-05-31T15:20:01.802331+00:00", "level": "DEBUG", "message": "клик_далее_выполнен", "logger": "scraper", "trace_id": "6ee94006b2f5"}
{"timestamp": "2026-05-31T15:20:39.768767+00:00", "level": "INFO", "message": "переход_на_следующую_страницу_выполнен", "logger": "scraper", "trace_id": "6ee94006b2f5"}
{"timestamp": "2026-05-31T15:20:39.768905+00:00", "level": "INFO", "message": "парсинг_страницы", "logger": "scraper", "trace_id": "6ee94006b2f5", "context": {"url_index": 3, "page": 26, "remaining": 897}}
{"timestamp": "2026-05-31T15:21:14.138598+00:00", "level": "INFO", "message": "страница_обработана", "logger": "scraper", "trace_id": "6ee94006b2f5", "context": {"url_index": 3, "page": 26, "found": 44, "total_so_far": 4869}}
{"timestamp": "2026-05-31T15:21:15.375155+00:00", "level": "DEBUG", "message": "клик_далее_выполнен", "logger": "scraper", "trace_id": "6ee94006b2f5"}
{"timestamp": "2026-05-31T15:21:52.365260+00:00", "level": "INFO", "message": "переход_на_следующую_страницу_выполнен", "logger": "scraper", "trace_id": "6ee94006b2f5"}
{"timestamp": "2026-05-31T15:21:52.365703+00:00", "level": "INFO", "message": "парсинг_страницы", "logger": "scraper", "trace_id": "6ee94006b2f5", "context": {"url_index": 3, "page": 27, "remaining": 896}}
{"timestamp": "2026-05-31T15:22:27.615424+00:00", "level": "INFO", "message": "страница_обработана", "logger": "scraper", "trace_id": "6ee94006b2f5", "context": {"url_index": 3, "page": 27, "found": 47, "total_so_far": 4916}}
{"timestamp": "2026-05-31T15:22:28.864891+00:00", "level": "DEBUG", "message": "клик_далее_выполнен", "logger": "scraper", "trace_id": "6ee94006b2f5"}
{"timestamp": "2026-05-31T15:23:05.774422+00:00", "level": "INFO", "message": "переход_на_следующую_страницу_выполнен", "logger": "scraper", "trace_id": "6ee94006b2f5"}
{"timestamp": "2026-05-31T15:23:05.774931+00:00", "level": "INFO", "message": "парсинг_страницы", "logger": "scraper", "trace_id": "6ee94006b2f5", "context": {"url_index": 3, "page": 28, "remaining": 895}}
{"timestamp": "2026-05-31T15:23:39.344422+00:00", "level": "INFO", "message": "страница_обработана", "logger": "scraper", "trace_id": "6ee94006b2f5", "context": {"url_index": 3, "page": 28, "found": 46, "total_so_far": 4962}}
{"timestamp": "2026-05-31T15:23:40.576190+00:00", "level": "DEBUG", "message": "клик_далее_выполнен", "logger": "scraper", "trace_id": "6ee94006b2f5"}
{"timestamp": "2026-05-31T15:24:16.458672+00:00", "level": "INFO", "message": "переход_на_следующую_страницу_выполнен", "logger": "scraper", "trace_id": "6ee94006b2f5"}
{"timestamp": "2026-05-31T15:24:16.459078+00:00", "level": "INFO", "message": "парсинг_страницы", "logger": "scraper", "trace_id": "6ee94006b2f5", "context": {"url_index": 3, "page": 29, "remaining": 894}}
{"timestamp": "2026-05-31T15:24:52.975722+00:00", "level": "INFO", "message": "страница_обработана", "logger": "scraper", "trace_id": "6ee94006b2f5", "context": {"url_index": 3, "page": 29, "found": 45, "total_so_far": 5007}}
{"timestamp": "2026-05-31T15:24:54.219896+00:00", "level": "DEBUG", "message": "клик_далее_выполнен", "logger": "scraper", "trace_id": "6ee94006b2f5"}
{"timestamp": "2026-05-31T15:25:32.297888+00:00", "level": "INFO", "message": "переход_на_следующую_страницу_выполнен", "logger": "scraper", "trace_id": "6ee94006b2f5"}
{"timestamp": "2026-05-31T15:25:32.298607+00:00", "level": "INFO", "message": "парсинг_страницы", "logger": "scraper", "trace_id": "6ee94006b2f5", "context": {"url_index": 3, "page": 30, "remaining": 893}}
{"timestamp": "2026-05-31T15:26:08.939860+00:00", "level": "INFO", "message": "страница_обработана", "logger": "scraper", "trace_id": "6ee94006b2f5", "context": {"url_index": 3, "page": 30, "found": 48, "total_so_far": 5055}}
{"timestamp": "2026-05-31T15:26:10.212639+00:00", "level": "DEBUG", "message": "клик_далее_выполнен", "logger": "scraper", "trace_id": "6ee94006b2f5"}
{"timestamp": "2026-05-31T15:26:46.287295+00:00", "level": "INFO", "message": "переход_на_следующую_страницу_выполнен", "logger": "scraper", "trace_id": "6ee94006b2f5"}
{"timestamp": "2026-05-31T15:26:46.287542+00:00", "level": "INFO", "message": "парсинг_страницы", "logger": "scraper", "trace_id": "6ee94006b2f5", "context": {"url_index": 3, "page": 31, "remaining": 892}}
{"timestamp": "2026-05-31T15:27:23.406443+00:00", "level": "INFO", "message": "страница_обработана", "logger": "scraper", "trace_id": "6ee94006b2f5", "context": {"url_index": 3, "page": 31, "found": 45, "total_so_far": 5100}}
{"timestamp": "2026-05-31T15:27:24.667929+00:00", "level": "DEBUG", "message": "клик_далее_выполнен", "logger": "scraper", "trace_id": "6ee94006b2f5"}
{"timestamp": "2026-05-31T15:28:01.161981+00:00", "level": "INFO", "message": "переход_на_следующую_страницу_выполнен", "logger": "scraper", "trace_id": "6ee94006b2f5"}
{"timestamp": "2026-05-31T15:28:01.162282+00:00", "level": "INFO", "message": "парсинг_страницы", "logger": "scraper", "trace_id": "6ee94006b2f5", "context": {"url_index": 3, "page": 32, "remaining": 891}}
{"timestamp": "2026-05-31T15:28:36.544331+00:00", "level": "INFO", "message": "страница_обработана", "logger": "scraper", "trace_id": "6ee94006b2f5", "context": {"url_index": 3, "page": 32, "found": 45, "total_so_far": 5145}}
{"timestamp": "2026-05-31T15:28:37.768701+00:00", "level": "DEBUG", "message": "клик_далее_выполнен", "logger": "scraper", "trace_id": "6ee94006b2f5"}
{"timestamp": "2026-05-31T15:29:14.625949+00:00", "level": "INFO", "message": "переход_на_следующую_страницу_выполнен", "logger": "scraper", "trace_id": "6ee94006b2f5"}
{"timestamp": "2026-05-31T15:29:14.626151+00:00", "level": "INFO", "message": "парсинг_страницы", "logger": "scraper", "trace_id": "6ee94006b2f5", "context": {"url_index": 3, "page": 33, "remaining": 890}}
{"timestamp": "2026-05-31T15:29:52.261834+00:00", "level": "INFO", "message": "страница_обработана", "logger": "scraper", "trace_id": "6ee94006b2f5", "context": {"url_index": 3, "page": 33, "found": 43, "total_so_far": 5188}}
{"timestamp": "2026-05-31T15:29:53.496746+00:00", "level": "DEBUG", "message": "клик_далее_выполнен", "logger": "scraper", "trace_id": "6ee94006b2f5"}
{"timestamp": "2026-05-31T15:30:31.542322+00:00", "level": "INFO", "message": "переход_на_следующую_страницу_выполнен", "logger": "scraper", "trace_id": "6ee94006b2f5"}
{"timestamp": "2026-05-31T15:30:31.542522+00:00", "level": "INFO", "message": "парсинг_страницы", "logger": "scraper", "trace_id": "6ee94006b2f5", "context": {"url_index": 3, "page": 34, "remaining": 889}}
{"timestamp": "2026-05-31T15:31:08.738809+00:00", "level": "INFO", "message": "страница_обработана", "logger": "scraper", "trace_id": "6ee94006b2f5", "context": {"url_index": 3, "page": 34, "found": 49, "total_so_far": 5237}}
{"timestamp": "2026-05-31T15:31:09.960706+00:00", "level": "DEBUG", "message": "клик_далее_выполнен", "logger": "scraper", "trace_id": "6ee94006b2f5"}
{"timestamp": "2026-05-31T15:31:47.911559+00:00", "level": "INFO", "message": "переход_на_следующую_страницу_выполнен", "logger": "scraper", "trace_id": "6ee94006b2f5"}
{"timestamp": "2026-05-31T15:31:47.911755+00:00", "level": "INFO", "message": "парсинг_страницы", "logger": "scraper", "trace_id": "6ee94006b2f5", "context": {"url_index": 3, "page": 35, "remaining": 888}}
{"timestamp": "2026-05-31T15:32:23.660392+00:00", "level": "INFO", "message": "страница_обработана", "logger": "scraper", "trace_id": "6ee94006b2f5", "context": {"url_index": 3, "page": 35, "found": 46, "total_so_far": 5283}}
{"timestamp": "2026-05-31T15:32:24.974311+00:00", "level": "DEBUG", "message": "клик_далее_выполнен", "logger": "scraper", "trace_id": "6ee94006b2f5"}
{"timestamp": "2026-05-31T15:33:01.136011+00:00", "level": "INFO", "message": "переход_на_следующую_страницу_выполнен", "logger": "scraper", "trace_id": "6ee94006b2f5"}
{"timestamp": "2026-05-31T15:33:01.136214+00:00", "level": "INFO", "message": "парсинг_страницы", "logger": "scraper", "trace_id": "6ee94006b2f5", "context": {"url_index": 3, "page": 36, "remaining": 887}}
{"timestamp": "2026-05-31T15:33:32.925231+00:00", "level": "INFO", "message": "страница_обработана", "logger": "scraper", "trace_id": "6ee94006b2f5", "context": {"url_index": 3, "page": 36, "found": 43, "total_so_far": 5326}}
{"timestamp": "2026-05-31T15:33:34.181456+00:00", "level": "DEBUG", "message": "клик_далее_выполнен", "logger": "scraper", "trace_id": "6ee94006b2f5"}
{"timestamp": "2026-05-31T15:34:12.004601+00:00", "level": "INFO", "message": "переход_на_следующую_страницу_выполнен", "logger": "scraper", "trace_id": "6ee94006b2f5"}
{"timestamp": "2026-05-31T15:34:12.005088+00:00", "level": "INFO", "message": "парсинг_страницы", "logger": "scraper", "trace_id": "6ee94006b2f5", "context": {"url_index": 3, "page": 37, "remaining": 886}}
{"timestamp": "2026-05-31T15:34:47.639106+00:00", "level": "INFO", "message": "страница_обработана", "logger": "scraper", "trace_id": "6ee94006b2f5", "context": {"url_index": 3, "page": 37, "found": 45, "total_so_far": 5371}}
{"timestamp": "2026-05-31T15:34:48.857848+00:00", "level": "DEBUG", "message": "клик_далее_выполнен", "logger": "scraper", "trace_id": "6ee94006b2f5"}
{"timestamp": "2026-05-31T15:35:26.354127+00:00", "level": "INFO", "message": "переход_на_следующую_страницу_выполнен", "logger": "scraper", "trace_id": "6ee94006b2f5"}
{"timestamp": "2026-05-31T15:35:26.354352+00:00", "level": "INFO", "message": "парсинг_страницы", "logger": "scraper", "trace_id": "6ee94006b2f5", "context": {"url_index": 3, "page": 38, "remaining": 885}}
{"timestamp": "2026-05-31T15:36:03.235467+00:00", "level": "INFO", "message": "страница_обработана", "logger": "scraper", "trace_id": "6ee94006b2f5", "context": {"url_index": 3, "page": 38, "found": 45, "total_so_far": 5416}}
{"timestamp": "2026-05-31T15:36:04.471356+00:00", "level": "DEBUG", "message": "клик_далее_выполнен", "logger": "scraper", "trace_id": "6ee94006b2f5"}
{"timestamp": "2026-05-31T15:36:41.209794+00:00", "level": "INFO", "message": "переход_на_следующую_страницу_выполнен", "logger": "scraper", "trace_id": "6ee94006b2f5"}
{"timestamp": "2026-05-31T15:36:41.209976+00:00", "level": "INFO", "message": "парсинг_страницы", "logger": "scraper", "trace_id": "6ee94006b2f5", "context": {"url_index": 3, "page": 39, "remaining": 884}}
{"timestamp": "2026-05-31T15:37:20.373793+00:00", "level": "INFO", "message": "страница_обработана", "logger": "scraper", "trace_id": "6ee94006b2f5", "context": {"url_index": 3, "page": 39, "found": 45, "total_so_far": 5461}}
{"timestamp": "2026-05-31T15:37:21.623672+00:00", "level": "DEBUG", "message": "клик_далее_выполнен", "logger": "scraper", "trace_id": "6ee94006b2f5"}
{"timestamp": "2026-05-31T15:37:58.139444+00:00", "level": "INFO", "message": "переход_на_следующую_страницу_выполнен", "logger": "scraper", "trace_id": "6ee94006b2f5"}
{"timestamp": "2026-05-31T15:37:58.139706+00:00", "level": "INFO", "message": "парсинг_страницы", "logger": "scraper", "trace_id": "6ee94006b2f5", "context": {"url_index": 3, "page": 40, "remaining": 883}}
{"timestamp": "2026-05-31T15:38:36.830878+00:00", "level": "INFO", "message": "страница_обработана", "logger": "scraper", "trace_id": "6ee94006b2f5", "context": {"url_index": 3, "page": 40, "found": 49, "total_so_far": 5510}}
{"timestamp": "2026-05-31T15:38:38.159839+00:00", "level": "DEBUG", "message": "клик_далее_выполнен", "logger": "scraper", "trace_id": "6ee94006b2f5"}
{"timestamp": "2026-05-31T15:39:15.263262+00:00", "level": "INFO", "message": "переход_на_следующую_страницу_выполнен", "logger": "scraper", "trace_id": "6ee94006b2f5"}
{"timestamp": "2026-05-31T15:39:15.263547+00:00", "level": "INFO", "message": "парсинг_страницы", "logger": "scraper", "trace_id": "6ee94006b2f5", "context": {"url_index": 3, "page": 41, "remaining": 882}}
{"timestamp": "2026-05-31T15:39:59.002319+00:00", "level": "INFO", "message": "страница_обработана", "logger": "scraper", "trace_id": "6ee94006b2f5", "context": {"url_index": 3, "page": 41, "found": 48, "total_so_far": 5558}}
{"timestamp": "2026-05-31T15:40:00.354442+00:00", "level": "DEBUG", "message": "клик_далее_выполнен", "logger": "scraper", "trace_id": "6ee94006b2f5"}
{"timestamp": "2026-05-31T15:40:35.729880+00:00", "level": "INFO", "message": "переход_на_следующую_страницу_выполнен", "logger": "scraper", "trace_id": "6ee94006b2f5"}
{"timestamp": "2026-05-31T15:40:35.730525+00:00", "level": "INFO", "message": "парсинг_страницы", "logger": "scraper", "trace_id": "6ee94006b2f5", "context": {"url_index": 3, "page": 42, "remaining": 881}}
{"timestamp": "2026-05-31T15:41:15.802269+00:00", "level": "INFO", "message": "страница_обработана", "logger": "scraper", "trace_id": "6ee94006b2f5", "context": {"url_index": 3, "page": 42, "found": 46, "total_so_far": 5604}}
{"timestamp": "2026-05-31T15:41:17.092370+00:00", "level": "DEBUG", "message": "клик_далее_выполнен", "logger": "scraper", "trace_id": "6ee94006b2f5"}
{"timestamp": "2026-05-31T15:41:53.969252+00:00", "level": "INFO", "message": "переход_на_следующую_страницу_выполнен", "logger": "scraper", "trace_id": "6ee94006b2f5"}
{"timestamp": "2026-05-31T15:41:53.969432+00:00", "level": "INFO", "message": "парсинг_страницы", "logger": "scraper", "trace_id": "6ee94006b2f5", "context": {"url_index": 3, "page": 43, "remaining": 880}}
{"timestamp": "2026-05-31T15:42:34.386595+00:00", "level": "INFO", "message": "страница_обработана", "logger": "scraper", "trace_id": "6ee94006b2f5", "context": {"url_index": 3, "page": 43, "found": 46, "total_so_far": 5650}}
{"timestamp": "2026-05-31T15:42:35.619935+00:00", "level": "DEBUG", "message": "клик_далее_выполнен", "logger": "scraper", "trace_id": "6ee94006b2f5"}
{"timestamp": "2026-05-31T15:43:13.276162+00:00", "level": "INFO", "message": "переход_на_следующую_страницу_выполнен", "logger": "scraper", "trace_id": "6ee94006b2f5"}
{"timestamp": "2026-05-31T15:43:13.276590+00:00", "level": "INFO", "message": "парсинг_страницы", "logger": "scraper", "trace_id": "6ee94006b2f5", "context": {"url_index": 3, "page": 44, "remaining": 879}}
{"timestamp": "2026-05-31T15:43:51.313116+00:00", "level": "INFO", "message": "страница_обработана", "logger": "scraper", "trace_id": "6ee94006b2f5", "context": {"url_index": 3, "page": 44, "found": 43, "total_so_far": 5693}}
{"timestamp": "2026-05-31T15:43:52.556986+00:00", "level": "DEBUG", "message": "клик_далее_выполнен", "logger": "scraper", "trace_id": "6ee94006b2f5"}
{"timestamp": "2026-05-31T15:44:28.533358+00:00", "level": "INFO", "message": "переход_на_следующую_страницу_выполнен", "logger": "scraper", "trace_id": "6ee94006b2f5"}
{"timestamp": "2026-05-31T15:44:28.535976+00:00", "level": "INFO", "message": "парсинг_страницы", "logger": "scraper", "trace_id": "6ee94006b2f5", "context": {"url_index": 3, "page": 45, "remaining": 878}}
{"timestamp": "2026-05-31T15:45:10.344288+00:00", "level": "INFO", "message": "страница_обработана", "logger": "scraper", "trace_id": "6ee94006b2f5", "context": {"url_index": 3, "page": 45, "found": 46, "total_so_far": 5739}}
{"timestamp": "2026-05-31T15:45:11.639199+00:00", "level": "DEBUG", "message": "клик_далее_выполнен", "logger": "scraper", "trace_id": "6ee94006b2f5"}
{"timestamp": "2026-05-31T15:45:49.268765+00:00", "level": "INFO", "message": "переход_на_следующую_страницу_выполнен", "logger": "scraper", "trace_id": "6ee94006b2f5"}
{"timestamp": "2026-05-31T15:45:49.268980+00:00", "level": "INFO", "message": "парсинг_страницы", "logger": "scraper", "trace_id": "6ee94006b2f5", "context": {"url_index": 3, "page": 46, "remaining": 877}}
{"timestamp": "2026-05-31T15:46:29.713626+00:00", "level": "INFO", "message": "страница_обработана", "logger": "scraper", "trace_id": "6ee94006b2f5", "context": {"url_index": 3, "page": 46, "found": 43, "total_so_far": 5782}}
{"timestamp": "2026-05-31T15:46:31.049209+00:00", "level": "DEBUG", "message": "клик_далее_выполнен", "logger": "scraper", "trace_id": "6ee94006b2f5"}
{"timestamp": "2026-05-31T15:47:08.463622+00:00", "level": "INFO", "message": "переход_на_следующую_страницу_выполнен", "logger": "scraper", "trace_id": "6ee94006b2f5"}
{"timestamp": "2026-05-31T15:47:08.463848+00:00", "level": "INFO", "message": "парсинг_страницы", "logger": "scraper", "trace_id": "6ee94006b2f5", "context": {"url_index": 3, "page": 47, "remaining": 876}}
{"timestamp": "2026-05-31T15:47:52.649521+00:00", "level": "INFO", "message": "страница_обработана", "logger": "scraper", "trace_id": "6ee94006b2f5", "context": {"url_index": 3, "page": 47, "found": 46, "total_so_far": 5828}}
{"timestamp": "2026-05-31T15:47:53.912420+00:00", "level": "DEBUG", "message": "клик_далее_выполнен", "logger": "scraper", "trace_id": "6ee94006b2f5"}
{"timestamp": "2026-05-31T15:48:29.587934+00:00", "level": "INFO", "message": "переход_на_следующую_страницу_выполнен", "logger": "scraper", "trace_id": "6ee94006b2f5"}
{"timestamp": "2026-05-31T15:48:29.588482+00:00", "level": "INFO", "message": "парсинг_страницы", "logger": "scraper", "trace_id": "6ee94006b2f5", "context": {"url_index": 3, "page": 48, "remaining": 875}}
{"timestamp": "2026-05-31T15:49:10.982126+00:00", "level": "INFO", "message": "страница_обработана", "logger": "scraper", "trace_id": "6ee94006b2f5", "context": {"url_index": 3, "page": 48, "found": 44, "total_so_far": 5872}}
{"timestamp": "2026-05-31T15:49:12.275026+00:00", "level": "DEBUG", "message": "клик_далее_выполнен", "logger": "scraper", "trace_id": "6ee94006b2f5"}
{"timestamp": "2026-05-31T15:49:48.825882+00:00", "level": "INFO", "message": "переход_на_следующую_страницу_выполнен", "logger": "scraper", "trace_id": "6ee94006b2f5"}
{"timestamp": "2026-05-31T15:49:48.826039+00:00", "level": "INFO", "message": "парсинг_страницы", "logger": "scraper", "trace_id": "6ee94006b2f5", "context": {"url_index": 3, "page": 49, "remaining": 874}}
{"timestamp": "2026-05-31T15:50:29.959067+00:00", "level": "INFO", "message": "страница_обработана", "logger": "scraper", "trace_id": "6ee94006b2f5", "context": {"url_index": 3, "page": 49, "found": 45, "total_so_far": 5917}}
{"timestamp": "2026-05-31T15:50:31.338479+00:00", "level": "DEBUG", "message": "клик_далее_выполнен", "logger": "scraper", "trace_id": "6ee94006b2f5"}
{"timestamp": "2026-05-31T15:51:09.011348+00:00", "level": "INFO", "message": "переход_на_следующую_страницу_выполнен", "logger": "scraper", "trace_id": "6ee94006b2f5"}
{"timestamp": "2026-05-31T15:51:09.011871+00:00", "level": "INFO", "message": "парсинг_страницы", "logger": "scraper", "trace_id": "6ee94006b2f5", "context": {"url_index": 3, "page": 50, "remaining": 873}}
{"timestamp": "2026-05-31T15:51:53.187928+00:00", "level": "INFO", "message": "страница_обработана", "logger": "scraper", "trace_id": "6ee94006b2f5", "context": {"url_index": 3, "page": 50, "found": 50, "total_so_far": 5967}}
{"timestamp": "2026-05-31T15:51:54.431099+00:00", "level": "DEBUG", "message": "клик_далее_выполнен", "logger": "scraper", "trace_id": "6ee94006b2f5"}
{"timestamp": "2026-05-31T15:52:30.329981+00:00", "level": "INFO", "message": "переход_на_следующую_страницу_выполнен", "logger": "scraper", "trace_id": "6ee94006b2f5"}
{"timestamp": "2026-05-31T15:52:30.330102+00:00", "level": "INFO", "message": "парсинг_страницы", "logger": "scraper", "trace_id": "6ee94006b2f5", "context": {"url_index": 3, "page": 51, "remaining": 872}}
{"timestamp": "2026-05-31T15:53:14.725695+00:00", "level": "INFO", "message": "страница_обработана", "logger": "scraper", "trace_id": "6ee94006b2f5", "context": {"url_index": 3, "page": 51, "found": 49, "total_so_far": 6016}}
{"timestamp": "2026-05-31T15:53:15.960413+00:00", "level": "DEBUG", "message": "клик_далее_выполнен", "logger": "scraper", "trace_id": "6ee94006b2f5"}
{"timestamp": "2026-05-31T15:53:52.881583+00:00", "level": "INFO", "message": "переход_на_следующую_страницу_выполнен", "logger": "scraper", "trace_id": "6ee94006b2f5"}
{"timestamp": "2026-05-31T15:53:52.881720+00:00", "level": "INFO", "message": "парсинг_страницы", "logger": "scraper", "trace_id": "6ee94006b2f5", "context": {"url_index": 3, "page": 52, "remaining": 871}}
{"timestamp": "2026-05-31T15:54:37.406125+00:00", "level": "INFO", "message": "страница_обработана", "logger": "scraper", "trace_id": "6ee94006b2f5", "context": {"url_index": 3, "page": 52, "found": 44, "total_so_far": 6060}}
{"timestamp": "2026-05-31T15:54:38.689193+00:00", "level": "DEBUG", "message": "клик_далее_выполнен", "logger": "scraper", "trace_id": "6ee94006b2f5"}
{"timestamp": "2026-05-31T15:55:14.783581+00:00", "level": "INFO", "message": "переход_на_следующую_страницу_выполнен", "logger": "scraper", "trace_id": "6ee94006b2f5"}
{"timestamp": "2026-05-31T15:55:14.783842+00:00", "level": "INFO", "message": "парсинг_страницы", "logger": "scraper", "trace_id": "6ee94006b2f5", "context": {"url_index": 3, "page": 53, "remaining": 870}}
{"timestamp": "2026-05-31T15:55:59.413974+00:00", "level": "INFO", "message": "страница_обработана", "logger": "scraper", "trace_id": "6ee94006b2f5", "context": {"url_index": 3, "page": 53, "found": 45, "total_so_far": 6105}}
{"timestamp": "2026-05-31T15:56:00.755483+00:00", "level": "DEBUG", "message": "клик_далее_выполнен", "logger": "scraper", "trace_id": "6ee94006b2f5"}
{"timestamp": "2026-05-31T15:56:35.842469+00:00", "level": "INFO", "message": "переход_на_следующую_страницу_выполнен", "logger": "scraper", "trace_id": "6ee94006b2f5"}
{"timestamp": "2026-05-31T15:56:35.842921+00:00", "level": "INFO", "message": "парсинг_страницы", "logger": "scraper", "trace_id": "6ee94006b2f5", "context": {"url_index": 3, "page": 54, "remaining": 869}}
{"timestamp": "2026-05-31T15:57:19.852129+00:00", "level": "INFO", "message": "страница_обработана", "logger": "scraper", "trace_id": "6ee94006b2f5", "context": {"url_index": 3, "page": 54, "found": 45, "total_so_far": 6150}}
{"timestamp": "2026-05-31T15:57:21.827816+00:00", "level": "DEBUG", "message": "клик_далее_выполнен", "logger": "scraper", "trace_id": "6ee94006b2f5"}
{"timestamp": "2026-05-31T15:57:57.928401+00:00", "level": "INFO", "message": "переход_на_следующую_страницу_выполнен", "logger": "scraper", "trace_id": "6ee94006b2f5"}
{"timestamp": "2026-05-31T15:57:57.929319+00:00", "level": "INFO", "message": "парсинг_страницы", "logger": "scraper", "trace_id": "6ee94006b2f5", "context": {"url_index": 3, "page": 55, "remaining": 868}}
{"timestamp": "2026-05-31T15:58:38.119962+00:00", "level": "INFO", "message": "страница_обработана", "logger": "scraper", "trace_id": "6ee94006b2f5", "context": {"url_index": 3, "page": 55, "found": 44, "total_so_far": 6194}}
{"timestamp": "2026-05-31T15:58:39.386206+00:00", "level": "DEBUG", "message": "клик_далее_выполнен", "logger": "scraper", "trace_id": "6ee94006b2f5"}
{"timestamp": "2026-05-31T15:59:17.480064+00:00", "level": "INFO", "message": "переход_на_следующую_страницу_выполнен", "logger": "scraper", "trace_id": "6ee94006b2f5"}
{"timestamp": "2026-05-31T15:59:17.481405+00:00", "level": "INFO", "message": "парсинг_страницы", "logger": "scraper", "trace_id": "6ee94006b2f5", "context": {"url_index": 3, "page": 56, "remaining": 867}}
{"timestamp": "2026-05-31T15:59:59.341011+00:00", "level": "INFO", "message": "страница_обработана", "logger": "scraper", "trace_id": "6ee94006b2f5", "context": {"url_index": 3, "page": 56, "found": 46, "total_so_far": 6240}}
{"timestamp": "2026-05-31T16:00:00.795166+00:00", "level": "DEBUG", "message": "клик_далее_выполнен", "logger": "scraper", "trace_id": "6ee94006b2f5"}
{"timestamp": "2026-05-31T16:00:37.549465+00:00", "level": "INFO", "message": "переход_на_следующую_страницу_выполнен", "logger": "scraper", "trace_id": "6ee94006b2f5"}
{"timestamp": "2026-05-31T16:00:37.549652+00:00", "level": "INFO", "message": "парсинг_страницы", "logger": "scraper", "trace_id": "6ee94006b2f5", "context": {"url_index": 3, "page": 57, "remaining": 866}}
{"timestamp": "2026-05-31T16:01:18.388775+00:00", "level": "INFO", "message": "страница_обработана", "logger": "scraper", "trace_id": "6ee94006b2f5", "context": {"url_index": 3, "page": 57, "found": 45, "total_so_far": 6285}}
{"timestamp": "2026-05-31T16:01:19.658125+00:00", "level": "DEBUG", "message": "клик_далее_выполнен", "logger": "scraper", "trace_id": "6ee94006b2f5"}
{"timestamp": "2026-05-31T16:01:55.996843+00:00", "level": "INFO", "message": "переход_на_следующую_страницу_выполнен", "logger": "scraper", "trace_id": "6ee94006b2f5"}
{"timestamp": "2026-05-31T16:01:55.997252+00:00", "level": "INFO", "message": "парсинг_страницы", "logger": "scraper", "trace_id": "6ee94006b2f5", "context": {"url_index": 3, "page": 58, "remaining": 865}}
{"timestamp": "2026-05-31T16:02:41.090947+00:00", "level": "INFO", "message": "страница_обработана", "logger": "scraper", "trace_id": "6ee94006b2f5", "context": {"url_index": 3, "page": 58, "found": 48, "total_so_far": 6333}}
{"timestamp": "2026-05-31T16:02:42.373298+00:00", "level": "DEBUG", "message": "клик_далее_выполнен", "logger": "scraper", "trace_id": "6ee94006b2f5"}
{"timestamp": "2026-05-31T16:03:20.052731+00:00", "level": "INFO", "message": "переход_на_следующую_страницу_выполнен", "logger": "scraper", "trace_id": "6ee94006b2f5"}
{"timestamp": "2026-05-31T16:03:20.052969+00:00", "level": "INFO", "message": "парсинг_страницы", "logger": "scraper", "trace_id": "6ee94006b2f5", "context": {"url_index": 3, "page": 59, "remaining": 864}}
{"timestamp": "2026-05-31T16:04:06.692896+00:00", "level": "INFO", "message": "страница_обработана", "logger": "scraper", "trace_id": "6ee94006b2f5", "context": {"url_index": 3, "page": 59, "found": 46, "total_so_far": 6379}}
{"timestamp": "2026-05-31T16:04:07.958687+00:00", "level": "DEBUG", "message": "клик_далее_выполнен", "logger": "scraper", "trace_id": "6ee94006b2f5"}
{"timestamp": "2026-05-31T16:04:43.553590+00:00", "level": "INFO", "message": "переход_на_следующую_страницу_выполнен", "logger": "scraper", "trace_id": "6ee94006b2f5"}
{"timestamp": "2026-05-31T16:04:43.553770+00:00", "level": "INFO", "message": "парсинг_страницы", "logger": "scraper", "trace_id": "6ee94006b2f5", "context": {"url_index": 3, "page": 60, "remaining": 863}}
{"timestamp": "2026-05-31T16:05:30.941986+00:00", "level": "INFO", "message": "страница_обработана", "logger": "scraper", "trace_id": "6ee94006b2f5", "context": {"url_index": 3, "page": 60, "found": 44, "total_so_far": 6423}}
{"timestamp": "2026-05-31T16:05:32.370719+00:00", "level": "DEBUG", "message": "клик_далее_выполнен", "logger": "scraper", "trace_id": "6ee94006b2f5"}
{"timestamp": "2026-05-31T16:06:10.359503+00:00", "level": "INFO", "message": "переход_на_следующую_страницу_выполнен", "logger": "scraper", "trace_id": "6ee94006b2f5"}
{"timestamp": "2026-05-31T16:06:10.359778+00:00", "level": "INFO", "message": "парсинг_страницы", "logger": "scraper", "trace_id": "6ee94006b2f5", "context": {"url_index": 3, "page": 61, "remaining": 862}}
{"timestamp": "2026-05-31T16:06:54.699134+00:00", "level": "INFO", "message": "страница_обработана", "logger": "scraper", "trace_id": "6ee94006b2f5", "context": {"url_index": 3, "page": 61, "found": 46, "total_so_far": 6469}}
{"timestamp": "2026-05-31T16:06:55.917746+00:00", "level": "DEBUG", "message": "клик_далее_выполнен", "logger": "scraper", "trace_id": "6ee94006b2f5"}
{"timestamp": "2026-05-31T16:07:31.542559+00:00", "level": "INFO", "message": "переход_на_следующую_страницу_выполнен", "logger": "scraper", "trace_id": "6ee94006b2f5"}
{"timestamp": "2026-05-31T16:07:31.542733+00:00", "level": "INFO", "message": "парсинг_страницы", "logger": "scraper", "trace_id": "6ee94006b2f5", "context": {"url_index": 3, "page": 62, "remaining": 861}}
{"timestamp": "2026-05-31T16:08:13.626403+00:00", "level": "INFO", "message": "страница_обработана", "logger": "scraper", "trace_id": "6ee94006b2f5", "context": {"url_index": 3, "page": 62, "found": 46, "total_so_far": 6515}}
{"timestamp": "2026-05-31T16:08:14.950297+00:00", "level": "DEBUG", "message": "клик_далее_выполнен", "logger": "scraper", "trace_id": "6ee94006b2f5"}
{"timestamp": "2026-05-31T16:08:50.346251+00:00", "level": "INFO", "message": "переход_на_следующую_страницу_выполнен", "logger": "scraper", "trace_id": "6ee94006b2f5"}
{"timestamp": "2026-05-31T16:08:50.346475+00:00", "level": "INFO", "message": "парсинг_страницы", "logger": "scraper", "trace_id": "6ee94006b2f5", "context": {"url_index": 3, "page": 63, "remaining": 860}}
{"timestamp": "2026-05-31T16:09:35.136603+00:00", "level": "INFO", "message": "страница_обработана", "logger": "scraper", "trace_id": "6ee94006b2f5", "context": {"url_index": 3, "page": 63, "found": 44, "total_so_far": 6559}}
{"timestamp": "2026-05-31T16:09:36.410222+00:00", "level": "DEBUG", "message": "клик_далее_выполнен", "logger": "scraper", "trace_id": "6ee94006b2f5"}
{"timestamp": "2026-05-31T16:10:12.668505+00:00", "level": "INFO", "message": "переход_на_следующую_страницу_выполнен", "logger": "scraper", "trace_id": "6ee94006b2f5"}
{"timestamp": "2026-05-31T16:10:12.668747+00:00", "level": "INFO", "message": "парсинг_страницы", "logger": "scraper", "trace_id": "6ee94006b2f5", "context": {"url_index": 3, "page": 64, "remaining": 859}}
{"timestamp": "2026-05-31T16:10:53.392740+00:00", "level": "INFO", "message": "страница_обработана", "logger": "scraper", "trace_id": "6ee94006b2f5", "context": {"url_index": 3, "page": 64, "found": 43, "total_so_far": 6602}}
{"timestamp": "2026-05-31T16:10:54.642985+00:00", "level": "DEBUG", "message": "клик_далее_выполнен", "logger": "scraper", "trace_id": "6ee94006b2f5"}
{"timestamp": "2026-05-31T16:11:31.574157+00:00", "level": "INFO", "message": "переход_на_следующую_страницу_выполнен", "logger": "scraper", "trace_id": "6ee94006b2f5"}
{"timestamp": "2026-05-31T16:11:31.574432+00:00", "level": "INFO", "message": "парсинг_страницы", "logger": "scraper", "trace_id": "6ee94006b2f5", "context": {"url_index": 3, "page": 65, "remaining": 858}}
{"timestamp": "2026-05-31T16:12:13.473789+00:00", "level": "INFO", "message": "страница_обработана", "logger": "scraper", "trace_id": "6ee94006b2f5", "context": {"url_index": 3, "page": 65, "found": 47, "total_so_far": 6649}}
{"timestamp": "2026-05-31T16:12:14.721769+00:00", "level": "DEBUG", "message": "клик_далее_выполнен", "logger": "scraper", "trace_id": "6ee94006b2f5"}
{"timestamp": "2026-05-31T16:12:49.937102+00:00", "level": "INFO", "message": "переход_на_следующую_страницу_выполнен", "logger": "scraper", "trace_id": "6ee94006b2f5"}
{"timestamp": "2026-05-31T16:12:49.937287+00:00", "level": "INFO", "message": "парсинг_страницы", "logger": "scraper", "trace_id": "6ee94006b2f5", "context": {"url_index": 3, "page": 66, "remaining": 857}}
{"timestamp": "2026-05-31T16:13:32.323742+00:00", "level": "INFO", "message": "страница_обработана", "logger": "scraper", "trace_id": "6ee94006b2f5", "context": {"url_index": 3, "page": 66, "found": 44, "total_so_far": 6693}}
{"timestamp": "2026-05-31T16:13:33.547741+00:00", "level": "DEBUG", "message": "клик_далее_выполнен", "logger": "scraper", "trace_id": "6ee94006b2f5"}
{"timestamp": "2026-05-31T16:14:09.272645+00:00", "level": "INFO", "message": "переход_на_следующую_страницу_выполнен", "logger": "scraper", "trace_id": "6ee94006b2f5"}
{"timestamp": "2026-05-31T16:14:09.273052+00:00", "level": "INFO", "message": "парсинг_страницы", "logger": "scraper", "trace_id": "6ee94006b2f5", "context": {"url_index": 3, "page": 67, "remaining": 856}}
{"timestamp": "2026-05-31T16:14:53.415268+00:00", "level": "INFO", "message": "страница_обработана", "logger": "scraper", "trace_id": "6ee94006b2f5", "context": {"url_index": 3, "page": 67, "found": 45, "total_so_far": 6738}}
{"timestamp": "2026-05-31T16:14:54.678499+00:00", "level": "DEBUG", "message": "клик_далее_выполнен", "logger": "scraper", "trace_id": "6ee94006b2f5"}
{"timestamp": "2026-05-31T16:15:29.783329+00:00", "level": "INFO", "message": "переход_на_следующую_страницу_выполнен", "logger": "scraper", "trace_id": "6ee94006b2f5"}
{"timestamp": "2026-05-31T16:15:29.783448+00:00", "level": "INFO", "message": "парсинг_страницы", "logger": "scraper", "trace_id": "6ee94006b2f5", "context": {"url_index": 3, "page": 68, "remaining": 855}}
{"timestamp": "2026-05-31T16:16:18.589816+00:00", "level": "INFO", "message": "страница_обработана", "logger": "scraper", "trace_id": "6ee94006b2f5", "context": {"url_index": 3, "page": 68, "found": 45, "total_so_far": 6783}}
{"timestamp": "2026-05-31T16:16:19.829660+00:00", "level": "DEBUG", "message": "клик_далее_выполнен", "logger": "scraper", "trace_id": "6ee94006b2f5"}
{"timestamp": "2026-05-31T16:16:55.706910+00:00", "level": "INFO", "message": "переход_на_следующую_страницу_выполнен", "logger": "scraper", "trace_id": "6ee94006b2f5"}
{"timestamp": "2026-05-31T16:16:55.707123+00:00", "level": "INFO", "message": "парсинг_страницы", "logger": "scraper", "trace_id": "6ee94006b2f5", "context": {"url_index": 3, "page": 69, "remaining": 854}}
{"timestamp": "2026-05-31T16:17:37.883886+00:00", "level": "INFO", "message": "страница_обработана", "logger": "scraper", "trace_id": "6ee94006b2f5", "context": {"url_index": 3, "page": 69, "found": 37, "total_so_far": 6820}}
{"timestamp": "2026-05-31T16:17:39.141643+00:00", "level": "DEBUG", "message": "клик_далее_выполнен", "logger": "scraper", "trace_id": "6ee94006b2f5"}
{"timestamp": "2026-05-31T16:18:14.342718+00:00", "level": "INFO", "message": "переход_на_следующую_страницу_выполнен", "logger": "scraper", "trace_id": "6ee94006b2f5"}
{"timestamp": "2026-05-31T16:18:14.342886+00:00", "level": "INFO", "message": "парсинг_страницы", "logger": "scraper", "trace_id": "6ee94006b2f5", "context": {"url_index": 3, "page": 70, "remaining": 853}}
{"timestamp": "2026-05-31T16:18:55.232406+00:00", "level": "INFO", "message": "страница_обработана", "logger": "scraper", "trace_id": "6ee94006b2f5", "context": {"url_index": 3, "page": 70, "found": 45, "total_so_far": 6865}}
{"timestamp": "2026-05-31T16:18:56.483682+00:00", "level": "DEBUG", "message": "клик_далее_выполнен", "logger": "scraper", "trace_id": "6ee94006b2f5"}
{"timestamp": "2026-05-31T16:19:33.488660+00:00", "level": "INFO", "message": "переход_на_следующую_страницу_выполнен", "logger": "scraper", "trace_id": "6ee94006b2f5"}
{"timestamp": "2026-05-31T16:19:33.488829+00:00", "level": "INFO", "message": "парсинг_страницы", "logger": "scraper", "trace_id": "6ee94006b2f5", "context": {"url_index": 3, "page": 71, "remaining": 852}}
{"timestamp": "2026-05-31T16:20:20.458375+00:00", "level": "INFO", "message": "страница_обработана", "logger": "scraper", "trace_id": "6ee94006b2f5", "context": {"url_index": 3, "page": 71, "found": 47, "total_so_far": 6912}}
{"timestamp": "2026-05-31T16:20:21.709649+00:00", "level": "DEBUG", "message": "клик_далее_выполнен", "logger": "scraper", "trace_id": "6ee94006b2f5"}
{"timestamp": "2026-05-31T16:20:57.266083+00:00", "level": "INFO", "message": "переход_на_следующую_страницу_выполнен", "logger": "scraper", "trace_id": "6ee94006b2f5"}
{"timestamp": "2026-05-31T16:20:57.266509+00:00", "level": "INFO", "message": "парсинг_страницы", "logger": "scraper", "trace_id": "6ee94006b2f5", "context": {"url_index": 3, "page": 72, "remaining": 851}}
{"timestamp": "2026-05-31T16:21:43.979763+00:00", "level": "INFO", "message": "страница_обработана", "logger": "scraper", "trace_id": "6ee94006b2f5", "context": {"url_index": 3, "page": 72, "found": 47, "total_so_far": 6959}}
{"timestamp": "2026-05-31T16:21:45.252599+00:00", "level": "DEBUG", "message": "клик_далее_выполнен", "logger": "scraper", "trace_id": "6ee94006b2f5"}
{"timestamp": "2026-05-31T16:22:20.711645+00:00", "level": "INFO", "message": "переход_на_следующую_страницу_выполнен", "logger": "scraper", "trace_id": "6ee94006b2f5"}
{"timestamp": "2026-05-31T16:22:20.712110+00:00", "level": "INFO", "message": "парсинг_страницы", "logger": "scraper", "trace_id": "6ee94006b2f5", "context": {"url_index": 3, "page": 73, "remaining": 850}}
{"timestamp": "2026-05-31T16:23:08.084684+00:00", "level": "INFO", "message": "страница_обработана", "logger": "scraper", "trace_id": "6ee94006b2f5", "context": {"url_index": 3, "page": 73, "found": 45, "total_so_far": 7004}}
{"timestamp": "2026-05-31T16:23:09.414162+00:00", "level": "DEBUG", "message": "клик_далее_выполнен", "logger": "scraper", "trace_id": "6ee94006b2f5"}
{"timestamp": "2026-05-31T16:23:47.069593+00:00", "level": "INFO", "message": "переход_на_следующую_страницу_выполнен", "logger": "scraper", "trace_id": "6ee94006b2f5"}
{"timestamp": "2026-05-31T16:23:47.070020+00:00", "level": "INFO", "message": "парсинг_страницы", "logger": "scraper", "trace_id": "6ee94006b2f5", "context": {"url_index": 3, "page": 74, "remaining": 849}}
{"timestamp": "2026-05-31T16:24:33.101020+00:00", "level": "INFO", "message": "страница_обработана", "logger": "scraper", "trace_id": "6ee94006b2f5", "context": {"url_index": 3, "page": 74, "found": 46, "total_so_far": 7050}}
{"timestamp": "2026-05-31T16:24:34.353050+00:00", "level": "DEBUG", "message": "клик_далее_выполнен", "logger": "scraper", "trace_id": "6ee94006b2f5"}
{"timestamp": "2026-05-31T16:25:12.089108+00:00", "level": "INFO", "message": "переход_на_следующую_страницу_выполнен", "logger": "scraper", "trace_id": "6ee94006b2f5"}
{"timestamp": "2026-05-31T16:25:12.089258+00:00", "level": "INFO", "message": "парсинг_страницы", "logger": "scraper", "trace_id": "6ee94006b2f5", "context": {"url_index": 3, "page": 75, "remaining": 848}}
{"timestamp": "2026-05-31T16:25:58.703841+00:00", "level": "INFO", "message": "страница_обработана", "logger": "scraper", "trace_id": "6ee94006b2f5", "context": {"url_index": 3, "page": 75, "found": 47, "total_so_far": 7097}}
{"timestamp": "2026-05-31T16:25:59.952790+00:00", "level": "DEBUG", "message": "клик_далее_выполнен", "logger": "scraper", "trace_id": "6ee94006b2f5"}
{"timestamp": "2026-05-31T16:26:36.622572+00:00", "level": "INFO", "message": "переход_на_следующую_страницу_выполнен", "logger": "scraper", "trace_id": "6ee94006b2f5"}
{"timestamp": "2026-05-31T16:26:36.622864+00:00", "level": "INFO", "message": "парсинг_страницы", "logger": "scraper", "trace_id": "6ee94006b2f5", "context": {"url_index": 3, "page": 76, "remaining": 847}}
{"timestamp": "2026-05-31T16:27:30.354113+00:00", "level": "INFO", "message": "страница_обработана", "logger": "scraper", "trace_id": "6ee94006b2f5", "context": {"url_index": 3, "page": 76, "found": 47, "total_so_far": 7144}}
{"timestamp": "2026-05-31T16:27:31.660312+00:00", "level": "DEBUG", "message": "клик_далее_выполнен", "logger": "scraper", "trace_id": "6ee94006b2f5"}
{"timestamp": "2026-05-31T16:28:09.473697+00:00", "level": "INFO", "message": "переход_на_следующую_страницу_выполнен", "logger": "scraper", "trace_id": "6ee94006b2f5"}
{"timestamp": "2026-05-31T16:28:09.473997+00:00", "level": "INFO", "message": "парсинг_страницы", "logger": "scraper", "trace_id": "6ee94006b2f5", "context": {"url_index": 3, "page": 77, "remaining": 846}}
{"timestamp": "2026-05-31T16:28:52.888005+00:00", "level": "INFO", "message": "страница_обработана", "logger": "scraper", "trace_id": "6ee94006b2f5", "context": {"url_index": 3, "page": 77, "found": 43, "total_so_far": 7187}}
{"timestamp": "2026-05-31T16:28:54.104278+00:00", "level": "DEBUG", "message": "клик_далее_выполнен", "logger": "scraper", "trace_id": "6ee94006b2f5"}
{"timestamp": "2026-05-31T16:29:29.742340+00:00", "level": "INFO", "message": "переход_на_следующую_страницу_выполнен", "logger": "scraper", "trace_id": "6ee94006b2f5"}
{"timestamp": "2026-05-31T16:29:29.742539+00:00", "level": "INFO", "message": "парсинг_страницы", "logger": "scraper", "trace_id": "6ee94006b2f5", "context": {"url_index": 3, "page": 78, "remaining": 845}}
{"timestamp": "2026-05-31T16:30:20.405310+00:00", "level": "INFO", "message": "страница_обработана", "logger": "scraper", "trace_id": "6ee94006b2f5", "context": {"url_index": 3, "page": 78, "found": 45, "total_so_far": 7232}}
{"timestamp": "2026-05-31T16:30:21.699570+00:00", "level": "DEBUG", "message": "клик_далее_выполнен", "logger": "scraper", "trace_id": "6ee94006b2f5"}
{"timestamp": "2026-05-31T16:30:58.876360+00:00", "level": "INFO", "message": "переход_на_следующую_страницу_выполнен", "logger": "scraper", "trace_id": "6ee94006b2f5"}
{"timestamp": "2026-05-31T16:30:58.876585+00:00", "level": "INFO", "message": "парсинг_страницы", "logger": "scraper", "trace_id": "6ee94006b2f5", "context": {"url_index": 3, "page": 79, "remaining": 844}}
{"timestamp": "2026-05-31T16:31:49.102997+00:00", "level": "INFO", "message": "страница_обработана", "logger": "scraper", "trace_id": "6ee94006b2f5", "context": {"url_index": 3, "page": 79, "found": 45, "total_so_far": 7277}}
{"timestamp": "2026-05-31T16:31:50.398378+00:00", "level": "DEBUG", "message": "клик_далее_выполнен", "logger": "scraper", "trace_id": "6ee94006b2f5"}
{"timestamp": "2026-05-31T16:32:27.843657+00:00", "level": "INFO", "message": "переход_на_следующую_страницу_выполнен", "logger": "scraper", "trace_id": "6ee94006b2f5"}
{"timestamp": "2026-05-31T16:32:27.844105+00:00", "level": "INFO", "message": "парсинг_страницы", "logger": "scraper", "trace_id": "6ee94006b2f5", "context": {"url_index": 3, "page": 80, "remaining": 843}}
{"timestamp": "2026-05-31T16:33:22.746829+00:00", "level": "INFO", "message": "страница_обработана", "logger": "scraper", "trace_id": "6ee94006b2f5", "context": {"url_index": 3, "page": 80, "found": 45, "total_so_far": 7322}}
{"timestamp": "2026-05-31T16:33:24.106659+00:00", "level": "DEBUG", "message": "клик_далее_выполнен", "logger": "scraper", "trace_id": "6ee94006b2f5"}
{"timestamp": "2026-05-31T16:34:00.218802+00:00", "level": "INFO", "message": "переход_на_следующую_страницу_выполнен", "logger": "scraper", "trace_id": "6ee94006b2f5"}
{"timestamp": "2026-05-31T16:34:00.219393+00:00", "level": "INFO", "message": "парсинг_страницы", "logger": "scraper", "trace_id": "6ee94006b2f5", "context": {"url_index": 3, "page": 81, "remaining": 842}}
{"timestamp": "2026-05-31T16:34:54.222394+00:00", "level": "INFO", "message": "страница_обработана", "logger": "scraper", "trace_id": "6ee94006b2f5", "context": {"url_index": 3, "page": 81, "found": 45, "total_so_far": 7367}}
{"timestamp": "2026-05-31T16:34:55.500592+00:00", "level": "DEBUG", "message": "клик_далее_выполнен", "logger": "scraper", "trace_id": "6ee94006b2f5"}
{"timestamp": "2026-05-31T16:35:31.957966+00:00", "level": "INFO", "message": "переход_на_следующую_страницу_выполнен", "logger": "scraper", "trace_id": "6ee94006b2f5"}
{"timestamp": "2026-05-31T16:35:31.958103+00:00", "level": "INFO", "message": "парсинг_страницы", "logger": "scraper", "trace_id": "6ee94006b2f5", "context": {"url_index": 3, "page": 82, "remaining": 841}}
{"timestamp": "2026-05-31T16:36:27.229817+00:00", "level": "INFO", "message": "страница_обработана", "logger": "scraper", "trace_id": "6ee94006b2f5", "context": {"url_index": 3, "page": 82, "found": 44, "total_so_far": 7411}}
{"timestamp": "2026-05-31T16:36:28.544720+00:00", "level": "DEBUG", "message": "клик_далее_выполнен", "logger": "scraper", "trace_id": "6ee94006b2f5"}
{"timestamp": "2026-05-31T16:37:04.048879+00:00", "level": "INFO", "message": "переход_на_следующую_страницу_выполнен", "logger": "scraper", "trace_id": "6ee94006b2f5"}
{"timestamp": "2026-05-31T16:37:04.049212+00:00", "level": "INFO", "message": "парсинг_страницы", "logger": "scraper", "trace_id": "6ee94006b2f5", "context": {"url_index": 3, "page": 83, "remaining": 840}}
{"timestamp": "2026-05-31T16:37:58.232904+00:00", "level": "INFO", "message": "страница_обработана", "logger": "scraper", "trace_id": "6ee94006b2f5", "context": {"url_index": 3, "page": 83, "found": 45, "total_so_far": 7456}}
{"timestamp": "2026-05-31T16:37:59.487698+00:00", "level": "DEBUG", "message": "клик_далее_выполнен", "logger": "scraper", "trace_id": "6ee94006b2f5"}
{"timestamp": "2026-05-31T16:38:35.701727+00:00", "level": "INFO", "message": "переход_на_следующую_страницу_выполнен", "logger": "scraper", "trace_id": "6ee94006b2f5"}
{"timestamp": "2026-05-31T16:38:35.701872+00:00", "level": "INFO", "message": "парсинг_страницы", "logger": "scraper", "trace_id": "6ee94006b2f5", "context": {"url_index": 3, "page": 84, "remaining": 839}}
{"timestamp": "2026-05-31T16:39:26.914858+00:00", "level": "INFO", "message": "страница_обработана", "logger": "scraper", "trace_id": "6ee94006b2f5", "context": {"url_index": 3, "page": 84, "found": 46, "total_so_far": 7502}}
{"timestamp": "2026-05-31T16:39:28.909177+00:00", "level": "DEBUG", "message": "клик_далее_выполнен", "logger": "scraper", "trace_id": "6ee94006b2f5"}
{"timestamp": "2026-05-31T16:40:05.191278+00:00", "level": "INFO", "message": "переход_на_следующую_страницу_выполнен", "logger": "scraper", "trace_id": "6ee94006b2f5"}
{"timestamp": "2026-05-31T16:40:05.191526+00:00", "level": "INFO", "message": "парсинг_страницы", "logger": "scraper", "trace_id": "6ee94006b2f5", "context": {"url_index": 3, "page": 85, "remaining": 838}}
{"timestamp": "2026-05-31T16:41:03.527595+00:00", "level": "INFO", "message": "страница_обработана", "logger": "scraper", "trace_id": "6ee94006b2f5", "context": {"url_index": 3, "page": 85, "found": 46, "total_so_far": 7548}}
{"timestamp": "2026-05-31T16:41:04.747303+00:00", "level": "DEBUG", "message": "клик_далее_выполнен", "logger": "scraper", "trace_id": "6ee94006b2f5"}
{"timestamp": "2026-05-31T16:41:41.160069+00:00", "level": "INFO", "message": "переход_на_следующую_страницу_выполнен", "logger": "scraper", "trace_id": "6ee94006b2f5"}
{"timestamp": "2026-05-31T16:41:41.160575+00:00", "level": "INFO", "message": "парсинг_страницы", "logger": "scraper", "trace_id": "6ee94006b2f5", "context": {"url_index": 3, "page": 86, "remaining": 837}}
{"timestamp": "2026-05-31T16:42:36.706270+00:00", "level": "INFO", "message": "страница_обработана", "logger": "scraper", "trace_id": "6ee94006b2f5", "context": {"url_index": 3, "page": 86, "found": 44, "total_so_far": 7592}}
{"timestamp": "2026-05-31T16:42:37.922792+00:00", "level": "DEBUG", "message": "клик_далее_выполнен", "logger": "scraper", "trace_id": "6ee94006b2f5"}
{"timestamp": "2026-05-31T16:43:13.761503+00:00", "level": "INFO", "message": "переход_на_следующую_страницу_выполнен", "logger": "scraper", "trace_id": "6ee94006b2f5"}
{"timestamp": "2026-05-31T16:43:13.761835+00:00", "level": "INFO", "message": "парсинг_страницы", "logger": "scraper", "trace_id": "6ee94006b2f5", "context": {"url_index": 3, "page": 87, "remaining": 836}}
{"timestamp": "2026-05-31T16:44:13.768492+00:00", "level": "INFO", "message": "страница_обработана", "logger": "scraper", "trace_id": "6ee94006b2f5", "context": {"url_index": 3, "page": 87, "found": 46, "total_so_far": 7638}}
{"timestamp": "2026-05-31T16:44:15.060106+00:00", "level": "DEBUG", "message": "клик_далее_выполнен", "logger": "scraper", "trace_id": "6ee94006b2f5"}
{"timestamp": "2026-05-31T16:44:53.592817+00:00", "level": "INFO", "message": "переход_на_следующую_страницу_выполнен", "logger": "scraper", "trace_id": "6ee94006b2f5"}
{"timestamp": "2026-05-31T16:44:53.593046+00:00", "level": "INFO", "message": "парсинг_страницы", "logger": "scraper", "trace_id": "6ee94006b2f5", "context": {"url_index": 3, "page": 88, "remaining": 835}}
{"timestamp": "2026-05-31T16:45:50.652378+00:00", "level": "INFO", "message": "страница_обработана", "logger": "scraper", "trace_id": "6ee94006b2f5", "context": {"url_index": 3, "page": 88, "found": 34, "total_so_far": 7672}}
{"timestamp": "2026-05-31T16:45:54.445156+00:00", "level": "DEBUG", "message": "клик_далее_выполнен", "logger": "scraper", "trace_id": "6ee94006b2f5"}
{"timestamp": "2026-05-31T16:46:30.453919+00:00", "level": "INFO", "message": "переход_на_следующую_страницу_выполнен", "logger": "scraper", "trace_id": "6ee94006b2f5"}
{"timestamp": "2026-05-31T16:46:30.454130+00:00", "level": "INFO", "message": "парсинг_страницы", "logger": "scraper", "trace_id": "6ee94006b2f5", "context": {"url_index": 3, "page": 89, "remaining": 834}}
{"timestamp": "2026-06-01T07:48:18.461107+00:00", "level": "INFO", "message": "приложение_запущено", "logger": "main", "trace_id": "b7cd3a74d66b", "context": {"step": "init", "search_urls_count": 3, "max_pages": 0}}
{"timestamp": "2026-06-01T07:48:18.462400+00:00", "level": "INFO", "message": "база_данных_инициализирована", "logger": "repository", "trace_id": "b7cd3a74d66b", "context": {"path": "data/sutochno_listings.db"}}
{"timestamp": "2026-06-01T07:48:18.462971+00:00", "level": "INFO", "message": "таблицы_снимков_инициализированы", "logger": "repository.snapshot", "trace_id": "b7cd3a74d66b"}
{"timestamp": "2026-06-01T07:48:18.463180+00:00", "level": "INFO", "message": "режим_прокси_включён", "logger": "main", "trace_id": "b7cd3a74d66b", "context": {"step": "proxy_check"}}
{"timestamp": "2026-06-01T07:48:18.464194+00:00", "level": "INFO", "message": "прокси_загружены", "logger": "proxy", "trace_id": "b7cd3a74d66b", "context": {"total": 8, "path": "data/proxies.txt"}}
{"timestamp": "2026-06-01T07:48:18.464280+00:00", "level": "INFO", "message": "начало_проверки_прокси", "logger": "proxy", "trace_id": "b7cd3a74d66b", "context": {"total": 8}}
{"timestamp": "2026-06-01T07:48:59.637795+00:00", "level": "INFO", "message": "прокси_работает", "logger": "proxy", "trace_id": "b7cd3a74d66b", "context": {"step": "212.81.39.56:9698:MbaGHb:***"}}
{"timestamp": "2026-06-01T07:48:59.638702+00:00", "level": "INFO", "message": "прокси_работает", "logger": "proxy", "trace_id": "b7cd3a74d66b", "context": {"step": "212.81.38.3:9423:MbaGHb:***"}}
{"timestamp": "2026-06-01T07:48:59.639123+00:00", "level": "INFO", "message": "прокси_работает", "logger": "proxy", "trace_id": "b7cd3a74d66b", "context": {"step": "212.81.39.236:9778:MbaGHb:***"}}
{"timestamp": "2026-06-01T07:48:59.639341+00:00", "level": "INFO", "message": "прокси_работает", "logger": "proxy", "trace_id": "b7cd3a74d66b", "context": {"step": "212.81.39.42:9852:MbaGHb:***"}}
{"timestamp": "2026-06-01T07:48:59.639538+00:00", "level": "INFO", "message": "прокси_работает", "logger": "proxy", "trace_id": "b7cd3a74d66b", "context": {"step": "212.81.37.186:9517:MbaGHb:***"}}
{"timestamp": "2026-06-01T07:48:59.639735+00:00", "level": "INFO", "message": "прокси_работает", "logger": "proxy", "trace_id": "b7cd3a74d66b", "context": {"step": "212.81.39.54:9253:MbaGHb:***"}}
{"timestamp": "2026-06-01T07:48:59.640181+00:00", "level": "INFO", "message": "прокси_работает", "logger": "proxy", "trace_id": "b7cd3a74d66b", "context": {"step": "212.81.36.74:9566:MbaGHb:***"}}
{"timestamp": "2026-06-01T07:48:59.640399+00:00", "level": "INFO", "message": "прокси_работает", "logger": "proxy", "trace_id": "b7cd3a74d66b", "context": {"step": "212.81.36.222:9912:MbaGHb:***"}}
{"timestamp": "2026-06-01T07:48:59.640697+00:00", "level": "INFO", "message": "проверка_прокси_завершена", "logger": "proxy", "trace_id": "b7cd3a74d66b", "context": {"total": 8, "step": "из 8"}}
{"timestamp": "2026-06-01T07:48:59.640989+00:00", "level": "INFO", "message": "прокси_готовы", "logger": "main", "trace_id": "b7cd3a74d66b", "context": {"total": 8, "step": "proxy_check"}}
{"timestamp": "2026-06-01T07:48:59.641661+00:00", "level": "INFO", "message": "запуск_браузера", "logger": "browser", "trace_id": "b7cd3a74d66b", "context": {"step": "без прокси"}}
{"timestamp": "2026-06-01T07:49:00.231029+00:00", "level": "INFO", "message": "браузер_запущен", "logger": "browser", "trace_id": "b7cd3a74d66b", "context": {"step": "без прокси"}}
{"timestamp": "2026-06-01T07:49:00.231372+00:00", "level": "INFO", "message": "начало_парсинга_каталога", "logger": "main", "trace_id": "b7cd3a74d66b", "context": {"step": "scraping", "urls_count": 3, "mode": "параллельный"}}
{"timestamp": "2026-06-01T07:49:00.231699+00:00", "level": "INFO", "message": "начало_парсинга_каталога", "logger": "scraper", "trace_id": "b7cd3a74d66b", "context": {"urls_count": 3, "max_pages": 999}}
{"timestamp": "2026-06-01T07:49:00.231958+00:00", "level": "INFO", "message": "параллельный_парсинг_каталога", "logger": "scraper", "trace_id": "b7cd3a74d66b", "context": {"workers": 3, "urls": 3, "proxies": 8}}
{"timestamp": "2026-06-01T07:49:00.232393+00:00", "level": "INFO", "message": "запуск_браузера", "logger": "browser", "trace_id": "b7cd3a74d66b", "context": {"step": "212.81.39.56:9698:MbaGHb:***"}}
{"timestamp": "2026-06-01T07:49:00.232741+00:00", "level": "INFO", "message": "запуск_браузера", "logger": "browser", "trace_id": "b7cd3a74d66b", "context": {"step": "212.81.38.3:9423:MbaGHb:***"}}
{"timestamp": "2026-06-01T07:49:00.233050+00:00", "level": "INFO", "message": "запуск_браузера", "logger": "browser", "trace_id": "b7cd3a74d66b", "context": {"step": "212.81.39.236:9778:MbaGHb:***"}}
{"timestamp": "2026-06-01T07:49:00.853659+00:00", "level": "INFO", "message": "браузер_запущен", "logger": "browser", "trace_id": "b7cd3a74d66b", "context": {"step": "212.81.39.236:9778:MbaGHb:***"}}
{"timestamp": "2026-06-01T07:49:00.853999+00:00", "level": "INFO", "message": "воркер_начало_обхода_ссылки", "logger": "scraper", "trace_id": "b7cd3a74d66b", "context": {"worker": 2, "url_index": 1, "remaining_pages": 333, "url": "https://sutochno.ru/front/searchapp/search?guests_adults=2&term=%D0%A1%D0%B0%D0%..."}}
{"timestamp": "2026-06-01T07:49:00.854290+00:00", "level": "DEBUG", "message": "навигация", "logger": "browser", "trace_id": "b7cd3a74d66b", "context": {"path": "https://sutochno.ru/front/searchapp/search?guests_adults=2&term=%D0%A1%D0%B0%D0%BD%D0%BA%D1%82-%D0%9F%D0%B5%D1%82%D0%B5%D1%80%D0%B1%D1%83%D1%80%D0%B3&id=397367&type=city&SW.lat=59.78064105467368&SW.lng=30.035056815429677&NE.lat=60.05472305920819&NE.lng=30.57476018457031&price_per=1&is_apartment=1&price=3000,4000"}}
{"timestamp": "2026-06-01T07:49:00.892025+00:00", "level": "INFO", "message": "браузер_запущен", "logger": "browser", "trace_id": "b7cd3a74d66b", "context": {"step": "212.81.39.56:9698:MbaGHb:***"}}
{"timestamp": "2026-06-01T07:49:00.892444+00:00", "level": "INFO", "message": "воркер_начало_обхода_ссылки", "logger": "scraper", "trace_id": "b7cd3a74d66b", "context": {"worker": 0, "url_index": 1, "remaining_pages": 333, "url": "https://sutochno.ru/front/searchapp/search?guests_adults=2&term=%D0%A1%D0%B0%D0%..."}}
{"timestamp": "2026-06-01T07:49:00.892699+00:00", "level": "DEBUG", "message": "навигация", "logger": "browser", "trace_id": "b7cd3a74d66b", "context": {"path": "https://sutochno.ru/front/searchapp/search?guests_adults=2&term=%D0%A1%D0%B0%D0%BD%D0%BA%D1%82-%D0%9F%D0%B5%D1%82%D0%B5%D1%80%D0%B1%D1%83%D1%80%D0%B3&id=397367&type=city&SW.lat=59.78064105467368&SW.lng=30.035056815429677&NE.lat=60.05472305920819&NE.lng=30.57476018457031&price_per=1&is_apartment=1&price=,2000"}}
{"timestamp": "2026-06-01T07:49:00.897442+00:00", "level": "INFO", "message": "браузер_запущен", "logger": "browser", "trace_id": "b7cd3a74d66b", "context": {"step": "212.81.38.3:9423:MbaGHb:***"}}
{"timestamp": "2026-06-01T07:49:00.897679+00:00", "level": "INFO", "message": "воркер_начало_обхода_ссылки", "logger": "scraper", "trace_id": "b7cd3a74d66b", "context": {"worker": 1, "url_index": 1, "remaining_pages": 333, "url": "https://sutochno.ru/front/searchapp/search?guests_adults=2&term=%D0%A1%D0%B0%D0%..."}}
{"timestamp": "2026-06-01T07:49:00.897897+00:00", "level": "DEBUG", "message": "навигация", "logger": "browser", "trace_id": "b7cd3a74d66b", "context": {"path": "https://sutochno.ru/front/searchapp/search?guests_adults=2&term=%D0%A1%D0%B0%D0%BD%D0%BA%D1%82-%D0%9F%D0%B5%D1%82%D0%B5%D1%80%D0%B1%D1%83%D1%80%D0%B3&id=397367&type=city&SW.lat=59.78064105467368&SW.lng=30.035056815429677&NE.lat=60.05472305920819&NE.lng=30.57476018457031&price_per=1&is_apartment=1&price=2000,3000"}}
{"timestamp": "2026-06-01T07:49:19.208302+00:00", "level": "INFO", "message": "парсинг_страницы", "logger": "scraper", "trace_id": "b7cd3a74d66b", "context": {"url_index": 1, "page": 1, "remaining": 15}}
{"timestamp": "2026-06-01T07:49:20.732095+00:00", "level": "INFO", "message": "парсинг_страницы", "logger": "scraper", "trace_id": "b7cd3a74d66b", "context": {"url_index": 1, "page": 1, "remaining": 15}}
{"timestamp": "2026-06-01T07:49:21.681705+00:00", "level": "INFO", "message": "парсинг_страницы", "logger": "scraper", "trace_id": "b7cd3a74d66b", "context": {"url_index": 1, "page": 1, "remaining": 15}}
{"timestamp": "2026-06-01T07:49:52.912545+00:00", "level": "INFO", "message": "страница_обработана", "logger": "scraper", "trace_id": "b7cd3a74d66b", "context": {"url_index": 1, "page": 1, "found": 50, "total_so_far": 50}}
{"timestamp": "2026-06-01T07:49:54.297215+00:00", "level": "DEBUG", "message": "клик_далее_выполнен", "logger": "scraper", "trace_id": "b7cd3a74d66b"}
{"timestamp": "2026-06-01T07:49:54.619062+00:00", "level": "INFO", "message": "страница_обработана", "logger": "scraper", "trace_id": "b7cd3a74d66b", "context": {"url_index": 1, "page": 1, "found": 46, "total_so_far": 46}}
{"timestamp": "2026-06-01T07:49:55.102598+00:00", "level": "INFO", "message": "страница_обработана", "logger": "scraper", "trace_id": "b7cd3a74d66b", "context": {"url_index": 1, "page": 1, "found": 50, "total_so_far": 50}}
{"timestamp": "2026-06-01T07:49:55.991241+00:00", "level": "DEBUG", "message": "клик_далее_выполнен", "logger": "scraper", "trace_id": "b7cd3a74d66b"}
{"timestamp": "2026-06-01T07:49:56.427945+00:00", "level": "DEBUG", "message": "клик_далее_выполнен", "logger": "scraper", "trace_id": "b7cd3a74d66b"}
{"timestamp": "2026-06-01T07:50:02.602804+00:00", "level": "INFO", "message": "переход_на_следующую_страницу_выполнен", "logger": "scraper", "trace_id": "b7cd3a74d66b"}
{"timestamp": "2026-06-01T07:50:02.603397+00:00", "level": "INFO", "message": "парсинг_страницы", "logger": "scraper", "trace_id": "b7cd3a74d66b", "context": {"url_index": 1, "page": 2, "remaining": 14}}
{"timestamp": "2026-06-01T07:50:03.821337+00:00", "level": "INFO", "message": "переход_на_следующую_страницу_выполнен", "logger": "scraper", "trace_id": "b7cd3a74d66b"}
{"timestamp": "2026-06-01T07:50:03.821958+00:00", "level": "INFO", "message": "парсинг_страницы", "logger": "scraper", "trace_id": "b7cd3a74d66b", "context": {"url_index": 1, "page": 2, "remaining": 14}}
{"timestamp": "2026-06-01T07:50:31.523961+00:00", "level": "INFO", "message": "переход_на_следующую_страницу_выполнен", "logger": "scraper", "trace_id": "b7cd3a74d66b"}
{"timestamp": "2026-06-01T07:50:31.524529+00:00", "level": "INFO", "message": "парсинг_страницы", "logger": "scraper", "trace_id": "b7cd3a74d66b", "context": {"url_index": 1, "page": 2, "remaining": 14}}
{"timestamp": "2026-06-01T07:50:33.902556+00:00", "level": "INFO", "message": "страница_обработана", "logger": "scraper", "trace_id": "b7cd3a74d66b", "context": {"url_index": 1, "page": 2, "found": 49, "total_so_far": 95}}
{"timestamp": "2026-06-01T07:50:35.256300+00:00", "level": "DEBUG", "message": "клик_далее_выполнен", "logger": "scraper", "trace_id": "b7cd3a74d66b"}
{"timestamp": "2026-06-01T07:50:35.520353+00:00", "level": "INFO", "message": "страница_обработана", "logger": "scraper", "trace_id": "b7cd3a74d66b", "context": {"url_index": 1, "page": 2, "found": 50, "total_so_far": 100}}
{"timestamp": "2026-06-01T07:50:36.797513+00:00", "level": "DEBUG", "message": "клик_далее_выполнен", "logger": "scraper", "trace_id": "b7cd3a74d66b"}
{"timestamp": "2026-06-01T07:51:02.474689+00:00", "level": "INFO", "message": "страница_обработана", "logger": "scraper", "trace_id": "b7cd3a74d66b", "context": {"url_index": 1, "page": 2, "found": 49, "total_so_far": 99}}
{"timestamp": "2026-06-01T07:51:03.725589+00:00", "level": "DEBUG", "message": "клик_далее_выполнен", "logger": "scraper", "trace_id": "b7cd3a74d66b"}
{"timestamp": "2026-06-01T07:51:13.171795+00:00", "level": "INFO", "message": "переход_на_следующую_страницу_выполнен", "logger": "scraper", "trace_id": "b7cd3a74d66b"}
{"timestamp": "2026-06-01T07:51:13.172207+00:00", "level": "INFO", "message": "парсинг_страницы", "logger": "scraper", "trace_id": "b7cd3a74d66b", "context": {"url_index": 1, "page": 3, "remaining": 13}}
{"timestamp": "2026-06-01T07:51:14.303536+00:00", "level": "INFO", "message": "переход_на_следующую_страницу_выполнен", "logger": "scraper", "trace_id": "b7cd3a74d66b"}
{"timestamp": "2026-06-01T07:51:14.303884+00:00", "level": "INFO", "message": "парсинг_страницы", "logger": "scraper", "trace_id": "b7cd3a74d66b", "context": {"url_index": 1, "page": 3, "remaining": 13}}
{"timestamp": "2026-06-01T07:51:40.351945+00:00", "level": "INFO", "message": "переход_на_следующую_страницу_выполнен", "logger": "scraper", "trace_id": "b7cd3a74d66b"}
{"timestamp": "2026-06-01T07:51:40.352182+00:00", "level": "INFO", "message": "парсинг_страницы", "logger": "scraper", "trace_id": "b7cd3a74d66b", "context": {"url_index": 1, "page": 3, "remaining": 13}}
{"timestamp": "2026-06-01T07:51:46.437091+00:00", "level": "INFO", "message": "страница_обработана", "logger": "scraper", "trace_id": "b7cd3a74d66b", "context": {"url_index": 1, "page": 3, "found": 49, "total_so_far": 144}}
{"timestamp": "2026-06-01T07:51:47.771540+00:00", "level": "DEBUG", "message": "клик_далее_выполнен", "logger": "scraper", "trace_id": "b7cd3a74d66b"}
{"timestamp": "2026-06-01T07:51:49.216868+00:00", "level": "INFO", "message": "страница_обработана", "logger": "scraper", "trace_id": "b7cd3a74d66b", "context": {"url_index": 1, "page": 3, "found": 50, "total_so_far": 150}}
{"timestamp": "2026-06-01T07:51:50.475308+00:00", "level": "DEBUG", "message": "клик_далее_выполнен", "logger": "scraper", "trace_id": "b7cd3a74d66b"}
{"timestamp": "2026-06-01T07:52:10.256709+00:00", "level": "INFO", "message": "страница_обработана", "logger": "scraper", "trace_id": "b7cd3a74d66b", "context": {"url_index": 1, "page": 3, "found": 47, "total_so_far": 146}}
{"timestamp": "2026-06-01T07:52:11.570199+00:00", "level": "DEBUG", "message": "клик_далее_выполнен", "logger": "scraper", "trace_id": "b7cd3a74d66b"}
{"timestamp": "2026-06-01T07:52:25.439213+00:00", "level": "INFO", "message": "переход_на_следующую_страницу_выполнен", "logger": "scraper", "trace_id": "b7cd3a74d66b"}
{"timestamp": "2026-06-01T07:52:25.439665+00:00", "level": "INFO", "message": "парсинг_страницы", "logger": "scraper", "trace_id": "b7cd3a74d66b", "context": {"url_index": 1, "page": 4, "remaining": 12}}
{"timestamp": "2026-06-01T07:52:28.139899+00:00", "level": "INFO", "message": "переход_на_следующую_страницу_выполнен", "logger": "scraper", "trace_id": "b7cd3a74d66b"}
{"timestamp": "2026-06-01T07:52:28.140029+00:00", "level": "INFO", "message": "парсинг_страницы", "logger": "scraper", "trace_id": "b7cd3a74d66b", "context": {"url_index": 1, "page": 4, "remaining": 12}}
{"timestamp": "2026-06-01T07:52:45.812858+00:00", "level": "INFO", "message": "страница_обработана", "logger": "scraper", "trace_id": "b7cd3a74d66b", "context": {"url_index": 1, "page": 4, "found": 26, "total_so_far": 176}}
{"timestamp": "2026-06-01T07:52:46.828183+00:00", "level": "DEBUG", "message": "кнопка_далее_не_найдена", "logger": "scraper", "trace_id": "b7cd3a74d66b"}
{"timestamp": "2026-06-01T07:52:46.828561+00:00", "level": "INFO", "message": "последняя_страница_достигнута", "logger": "scraper", "trace_id": "b7cd3a74d66b", "context": {"url_index": 1, "page": 4}}
{"timestamp": "2026-06-01T07:52:46.828916+00:00", "level": "INFO", "message": "воркер_ссылка_обработана", "logger": "scraper", "trace_id": "b7cd3a74d66b", "context": {"worker": 0, "url_index": 1, "pages_from_url": 4, "listings_so_far": 176}}
{"timestamp": "2026-06-01T07:52:47.030103+00:00", "level": "INFO", "message": "браузер_остановлен", "logger": "browser", "trace_id": "b7cd3a74d66b"}
{"timestamp": "2026-06-01T07:52:47.595125+00:00", "level": "INFO", "message": "переход_на_следующую_страницу_выполнен", "logger": "scraper", "trace_id": "b7cd3a74d66b"}
{"timestamp": "2026-06-01T07:52:47.595282+00:00", "level": "INFO", "message": "парсинг_страницы", "logger": "scraper", "trace_id": "b7cd3a74d66b", "context": {"url_index": 1, "page": 4, "remaining": 12}}
{"timestamp": "2026-06-01T07:52:57.344689+00:00", "level": "INFO", "message": "страница_обработана", "logger": "scraper", "trace_id": "b7cd3a74d66b", "context": {"url_index": 1, "page": 4, "found": 49, "total_so_far": 193}}
{"timestamp": "2026-06-01T07:52:58.631319+00:00", "level": "DEBUG", "message": "клик_далее_выполнен", "logger": "scraper", "trace_id": "b7cd3a74d66b"}
{"timestamp": "2026-06-01T07:53:18.831846+00:00", "level": "INFO", "message": "страница_обработана", "logger": "scraper", "trace_id": "b7cd3a74d66b", "context": {"url_index": 1, "page": 4, "found": 47, "total_so_far": 193}}
{"timestamp": "2026-06-01T07:53:20.111746+00:00", "level": "DEBUG", "message": "клик_далее_выполнен", "logger": "scraper", "trace_id": "b7cd3a74d66b"}
{"timestamp": "2026-06-01T07:53:34.562883+00:00", "level": "INFO", "message": "переход_на_следующую_страницу_выполнен", "logger": "scraper", "trace_id": "b7cd3a74d66b"}
{"timestamp": "2026-06-01T07:53:34.563077+00:00", "level": "INFO", "message": "парсинг_страницы", "logger": "scraper", "trace_id": "b7cd3a74d66b", "context": {"url_index": 1, "page": 5, "remaining": 11}}
{"timestamp": "2026-06-01T07:53:56.251749+00:00", "level": "INFO", "message": "переход_на_следующую_страницу_выполнен", "logger": "scraper", "trace_id": "b7cd3a74d66b"}
{"timestamp": "2026-06-01T07:53:56.252202+00:00", "level": "INFO", "message": "парсинг_страницы", "logger": "scraper", "trace_id": "b7cd3a74d66b", "context": {"url_index": 1, "page": 5, "remaining": 11}}
{"timestamp": "2026-06-01T07:54:06.224348+00:00", "level": "INFO", "message": "страница_обработана", "logger": "scraper", "trace_id": "b7cd3a74d66b", "context": {"url_index": 1, "page": 5, "found": 50, "total_so_far": 243}}
{"timestamp": "2026-06-01T07:54:07.473516+00:00", "level": "DEBUG", "message": "клик_далее_выполнен", "logger": "scraper", "trace_id": "b7cd3a74d66b"}
{"timestamp": "2026-06-01T07:54:26.175198+00:00", "level": "INFO", "message": "страница_обработана", "logger": "scraper", "trace_id": "b7cd3a74d66b", "context": {"url_index": 1, "page": 5, "found": 49, "total_so_far": 242}}
{"timestamp": "2026-06-01T07:54:27.442587+00:00", "level": "DEBUG", "message": "клик_далее_выполнен", "logger": "scraper", "trace_id": "b7cd3a74d66b"}
{"timestamp": "2026-06-01T07:54:43.996122+00:00", "level": "INFO", "message": "переход_на_следующую_страницу_выполнен", "logger": "scraper", "trace_id": "b7cd3a74d66b"}
{"timestamp": "2026-06-01T07:54:43.996377+00:00", "level": "INFO", "message": "парсинг_страницы", "logger": "scraper", "trace_id": "b7cd3a74d66b", "context": {"url_index": 1, "page": 6, "remaining": 10}}
{"timestamp": "2026-06-01T07:55:04.245501+00:00", "level": "INFO", "message": "переход_на_следующую_страницу_выполнен", "logger": "scraper", "trace_id": "b7cd3a74d66b"}
{"timestamp": "2026-06-01T07:55:04.245673+00:00", "level": "INFO", "message": "парсинг_страницы", "logger": "scraper", "trace_id": "b7cd3a74d66b", "context": {"url_index": 1, "page": 6, "remaining": 10}}
{"timestamp": "2026-06-01T07:55:15.202775+00:00", "level": "INFO", "message": "страница_обработана", "logger": "scraper", "trace_id": "b7cd3a74d66b", "context": {"url_index": 1, "page": 6, "found": 50, "total_so_far": 293}}
{"timestamp": "2026-06-01T07:55:16.415190+00:00", "level": "DEBUG", "message": "клик_далее_выполнен", "logger": "scraper", "trace_id": "b7cd3a74d66b"}
{"timestamp": "2026-06-01T07:55:33.879322+00:00", "level": "INFO", "message": "страница_обработана", "logger": "scraper", "trace_id": "b7cd3a74d66b", "context": {"url_index": 1, "page": 6, "found": 44, "total_so_far": 286}}
{"timestamp": "2026-06-01T07:55:35.120769+00:00", "level": "DEBUG", "message": "клик_далее_выполнен", "logger": "scraper", "trace_id": "b7cd3a74d66b"}
{"timestamp": "2026-06-01T07:55:54.376370+00:00", "level": "INFO", "message": "переход_на_следующую_страницу_выполнен", "logger": "scraper", "trace_id": "b7cd3a74d66b"}
{"timestamp": "2026-06-01T07:55:54.376621+00:00", "level": "INFO", "message": "парсинг_страницы", "logger": "scraper", "trace_id": "b7cd3a74d66b", "context": {"url_index": 1, "page": 7, "remaining": 9}}
{"timestamp": "2026-06-01T07:56:12.355179+00:00", "level": "INFO", "message": "переход_на_следующую_страницу_выполнен", "logger": "scraper", "trace_id": "b7cd3a74d66b"}
{"timestamp": "2026-06-01T07:56:12.355471+00:00", "level": "INFO", "message": "парсинг_страницы", "logger": "scraper", "trace_id": "b7cd3a74d66b", "context": {"url_index": 1, "page": 7, "remaining": 9}}
{"timestamp": "2026-06-01T07:56:24.842433+00:00", "level": "INFO", "message": "страница_обработана", "logger": "scraper", "trace_id": "b7cd3a74d66b", "context": {"url_index": 1, "page": 7, "found": 49, "total_so_far": 342}}
{"timestamp": "2026-06-01T07:56:26.033140+00:00", "level": "DEBUG", "message": "клик_далее_выполнен", "logger": "scraper", "trace_id": "b7cd3a74d66b"}
{"timestamp": "2026-06-01T07:56:44.440225+00:00", "level": "INFO", "message": "страница_обработана", "logger": "scraper", "trace_id": "b7cd3a74d66b", "context": {"url_index": 1, "page": 7, "found": 48, "total_so_far": 334}}
{"timestamp": "2026-06-01T07:56:45.762855+00:00", "level": "DEBUG", "message": "клик_далее_выполнен", "logger": "scraper", "trace_id": "b7cd3a74d66b"}
{"timestamp": "2026-06-01T07:57:03.560987+00:00", "level": "INFO", "message": "переход_на_следующую_страницу_выполнен", "logger": "scraper", "trace_id": "b7cd3a74d66b"}
{"timestamp": "2026-06-01T07:57:03.561487+00:00", "level": "INFO", "message": "парсинг_страницы", "logger": "scraper", "trace_id": "b7cd3a74d66b", "context": {"url_index": 1, "page": 8, "remaining": 8}}
{"timestamp": "2026-06-01T07:57:23.700598+00:00", "level": "INFO", "message": "переход_на_следующую_страницу_выполнен", "logger": "scraper", "trace_id": "b7cd3a74d66b"}
{"timestamp": "2026-06-01T07:57:23.702290+00:00", "level": "INFO", "message": "парсинг_страницы", "logger": "scraper", "trace_id": "b7cd3a74d66b", "context": {"url_index": 1, "page": 8, "remaining": 8}}
{"timestamp": "2026-06-01T07:57:35.507982+00:00", "level": "INFO", "message": "страница_обработана", "logger": "scraper", "trace_id": "b7cd3a74d66b", "context": {"url_index": 1, "page": 8, "found": 48, "total_so_far": 390}}
{"timestamp": "2026-06-01T07:57:36.673192+00:00", "level": "DEBUG", "message": "клик_далее_выполнен", "logger": "scraper", "trace_id": "b7cd3a74d66b"}
{"timestamp": "2026-06-01T07:57:52.300811+00:00", "level": "INFO", "message": "страница_обработана", "logger": "scraper", "trace_id": "b7cd3a74d66b", "context": {"url_index": 1, "page": 8, "found": 47, "total_so_far": 381}}
{"timestamp": "2026-06-01T07:57:53.608768+00:00", "level": "DEBUG", "message": "клик_далее_выполнен", "logger": "scraper", "trace_id": "b7cd3a74d66b"}
{"timestamp": "2026-06-01T07:58:12.446008+00:00", "level": "INFO", "message": "переход_на_следующую_страницу_выполнен", "logger": "scraper", "trace_id": "b7cd3a74d66b"}
{"timestamp": "2026-06-01T07:58:12.446188+00:00", "level": "INFO", "message": "парсинг_страницы", "logger": "scraper", "trace_id": "b7cd3a74d66b", "context": {"url_index": 1, "page": 9, "remaining": 7}}
{"timestamp": "2026-06-01T07:58:29.160228+00:00", "level": "INFO", "message": "переход_на_следующую_страницу_выполнен", "logger": "scraper", "trace_id": "b7cd3a74d66b"}
{"timestamp": "2026-06-01T07:58:29.160360+00:00", "level": "INFO", "message": "парсинг_страницы", "logger": "scraper", "trace_id": "b7cd3a74d66b", "context": {"url_index": 1, "page": 9, "remaining": 7}}
{"timestamp": "2026-06-01T07:58:43.137457+00:00", "level": "INFO", "message": "страница_обработана", "logger": "scraper", "trace_id": "b7cd3a74d66b", "context": {"url_index": 1, "page": 9, "found": 50, "total_so_far": 440}}
{"timestamp": "2026-06-01T07:58:44.347592+00:00", "level": "DEBUG", "message": "клик_далее_выполнен", "logger": "scraper", "trace_id": "b7cd3a74d66b"}
{"timestamp": "2026-06-01T07:59:00.827811+00:00", "level": "INFO", "message": "страница_обработана", "logger": "scraper", "trace_id": "b7cd3a74d66b", "context": {"url_index": 1, "page": 9, "found": 46, "total_so_far": 427}}
{"timestamp": "2026-06-01T07:59:02.152624+00:00", "level": "DEBUG", "message": "клик_далее_выполнен", "logger": "scraper", "trace_id": "b7cd3a74d66b"}
{"timestamp": "2026-06-01T07:59:20.638679+00:00", "level": "INFO", "message": "переход_на_следующую_страницу_выполнен", "logger": "scraper", "trace_id": "b7cd3a74d66b"}
{"timestamp": "2026-06-01T07:59:20.638832+00:00", "level": "INFO", "message": "парсинг_страницы", "logger": "scraper", "trace_id": "b7cd3a74d66b", "context": {"url_index": 1, "page": 10, "remaining": 6}}
{"timestamp": "2026-06-01T07:59:38.793930+00:00", "level": "INFO", "message": "переход_на_следующую_страницу_выполнен", "logger": "scraper", "trace_id": "b7cd3a74d66b"}
{"timestamp": "2026-06-01T07:59:38.794261+00:00", "level": "INFO", "message": "парсинг_страницы", "logger": "scraper", "trace_id": "b7cd3a74d66b", "context": {"url_index": 1, "page": 10, "remaining": 6}}
{"timestamp": "2026-06-01T07:59:53.340237+00:00", "level": "INFO", "message": "страница_обработана", "logger": "scraper", "trace_id": "b7cd3a74d66b", "context": {"url_index": 1, "page": 10, "found": 50, "total_so_far": 490}}
{"timestamp": "2026-06-01T07:59:54.511367+00:00", "level": "DEBUG", "message": "клик_далее_выполнен", "logger": "scraper", "trace_id": "b7cd3a74d66b"}
{"timestamp": "2026-06-01T08:00:12.001767+00:00", "level": "INFO", "message": "страница_обработана", "logger": "scraper", "trace_id": "b7cd3a74d66b", "context": {"url_index": 1, "page": 10, "found": 47, "total_so_far": 474}}
{"timestamp": "2026-06-01T08:00:13.294217+00:00", "level": "DEBUG", "message": "клик_далее_выполнен", "logger": "scraper", "trace_id": "b7cd3a74d66b"}
{"timestamp": "2026-06-01T08:00:31.533116+00:00", "level": "INFO", "message": "переход_на_следующую_страницу_выполнен", "logger": "scraper", "trace_id": "b7cd3a74d66b"}
{"timestamp": "2026-06-01T08:00:31.533765+00:00", "level": "INFO", "message": "парсинг_страницы", "logger": "scraper", "trace_id": "b7cd3a74d66b", "context": {"url_index": 1, "page": 11, "remaining": 5}}
{"timestamp": "2026-06-01T08:00:50.402452+00:00", "level": "INFO", "message": "переход_на_следующую_страницу_выполнен", "logger": "scraper", "trace_id": "b7cd3a74d66b"}
{"timestamp": "2026-06-01T08:00:50.402604+00:00", "level": "INFO", "message": "парсинг_страницы", "logger": "scraper", "trace_id": "b7cd3a74d66b", "context": {"url_index": 1, "page": 11, "remaining": 5}}
{"timestamp": "2026-06-01T08:01:03.080829+00:00", "level": "INFO", "message": "страница_обработана", "logger": "scraper", "trace_id": "b7cd3a74d66b", "context": {"url_index": 1, "page": 11, "found": 48, "total_so_far": 538}}
{"timestamp": "2026-06-01T08:01:04.259658+00:00", "level": "DEBUG", "message": "клик_далее_выполнен", "logger": "scraper", "trace_id": "b7cd3a74d66b"}
{"timestamp": "2026-06-01T08:01:23.088597+00:00", "level": "INFO", "message": "страница_обработана", "logger": "scraper", "trace_id": "b7cd3a74d66b", "context": {"url_index": 1, "page": 11, "found": 46, "total_so_far": 520}}
{"timestamp": "2026-06-01T08:01:24.325638+00:00", "level": "DEBUG", "message": "клик_далее_выполнен", "logger": "scraper", "trace_id": "b7cd3a74d66b"}
{"timestamp": "2026-06-01T08:01:40.515453+00:00", "level": "INFO", "message": "переход_на_следующую_страницу_выполнен", "logger": "scraper", "trace_id": "b7cd3a74d66b"}
{"timestamp": "2026-06-01T08:01:40.515635+00:00", "level": "INFO", "message": "парсинг_страницы", "logger": "scraper", "trace_id": "b7cd3a74d66b", "context": {"url_index": 1, "page": 12, "remaining": 4}}
{"timestamp": "2026-06-01T08:02:00.541820+00:00", "level": "INFO", "message": "переход_на_следующую_страницу_выполнен", "logger": "scraper", "trace_id": "b7cd3a74d66b"}
{"timestamp": "2026-06-01T08:02:00.542303+00:00", "level": "INFO", "message": "парсинг_страницы", "logger": "scraper", "trace_id": "b7cd3a74d66b", "context": {"url_index": 1, "page": 12, "remaining": 4}}
{"timestamp": "2026-06-01T08:02:12.108909+00:00", "level": "INFO", "message": "страница_обработана", "logger": "scraper", "trace_id": "b7cd3a74d66b", "context": {"url_index": 1, "page": 12, "found": 46, "total_so_far": 584}}
{"timestamp": "2026-06-01T08:02:13.273864+00:00", "level": "DEBUG", "message": "клик_далее_выполнен", "logger": "scraper", "trace_id": "b7cd3a74d66b"}
{"timestamp": "2026-06-01T08:02:32.556628+00:00", "level": "INFO", "message": "страница_обработана", "logger": "scraper", "trace_id": "b7cd3a74d66b", "context": {"url_index": 1, "page": 12, "found": 48, "total_so_far": 568}}
{"timestamp": "2026-06-01T08:02:33.847485+00:00", "level": "DEBUG", "message": "клик_далее_выполнен", "logger": "scraper", "trace_id": "b7cd3a74d66b"}
{"timestamp": "2026-06-01T08:02:50.986263+00:00", "level": "INFO", "message": "переход_на_следующую_страницу_выполнен", "logger": "scraper", "trace_id": "b7cd3a74d66b"}
{"timestamp": "2026-06-01T08:02:50.986433+00:00", "level": "INFO", "message": "парсинг_страницы", "logger": "scraper", "trace_id": "b7cd3a74d66b", "context": {"url_index": 1, "page": 13, "remaining": 3}}
{"timestamp": "2026-06-01T08:03:09.793322+00:00", "level": "INFO", "message": "переход_на_следующую_страницу_выполнен", "logger": "scraper", "trace_id": "b7cd3a74d66b"}
{"timestamp": "2026-06-01T08:03:09.793483+00:00", "level": "INFO", "message": "парсинг_страницы", "logger": "scraper", "trace_id": "b7cd3a74d66b", "context": {"url_index": 1, "page": 13, "remaining": 3}}
{"timestamp": "2026-06-01T08:03:21.070821+00:00", "level": "INFO", "message": "страница_обработана", "logger": "scraper", "trace_id": "b7cd3a74d66b", "context": {"url_index": 1, "page": 13, "found": 49, "total_so_far": 633}}
{"timestamp": "2026-06-01T08:03:22.243000+00:00", "level": "DEBUG", "message": "клик_далее_выполнен", "logger": "scraper", "trace_id": "b7cd3a74d66b"}
{"timestamp": "2026-06-01T08:03:41.248323+00:00", "level": "INFO", "message": "страница_обработана", "logger": "scraper", "trace_id": "b7cd3a74d66b", "context": {"url_index": 1, "page": 13, "found": 47, "total_so_far": 615}}
{"timestamp": "2026-06-01T08:03:42.561313+00:00", "level": "DEBUG", "message": "клик_далее_выполнен", "logger": "scraper", "trace_id": "b7cd3a74d66b"}
{"timestamp": "2026-06-01T08:03:58.593593+00:00", "level": "INFO", "message": "переход_на_следующую_страницу_выполнен", "logger": "scraper", "trace_id": "b7cd3a74d66b"}
{"timestamp": "2026-06-01T08:03:58.593754+00:00", "level": "INFO", "message": "парсинг_страницы", "logger": "scraper", "trace_id": "b7cd3a74d66b", "context": {"url_index": 1, "page": 14, "remaining": 2}}
{"timestamp": "2026-06-01T08:04:18.195451+00:00", "level": "INFO", "message": "переход_на_следующую_страницу_выполнен", "logger": "scraper", "trace_id": "b7cd3a74d66b"}
{"timestamp": "2026-06-01T08:04:18.196085+00:00", "level": "INFO", "message": "парсинг_страницы", "logger": "scraper", "trace_id": "b7cd3a74d66b", "context": {"url_index": 1, "page": 14, "remaining": 2}}
{"timestamp": "2026-06-01T08:04:29.372524+00:00", "level": "INFO", "message": "страница_обработана", "logger": "scraper", "trace_id": "b7cd3a74d66b", "context": {"url_index": 1, "page": 14, "found": 50, "total_so_far": 683}}
{"timestamp": "2026-06-01T08:04:30.562431+00:00", "level": "DEBUG", "message": "клик_далее_выполнен", "logger": "scraper", "trace_id": "b7cd3a74d66b"}
{"timestamp": "2026-06-01T08:04:50.769756+00:00", "level": "INFO", "message": "страница_обработана", "logger": "scraper", "trace_id": "b7cd3a74d66b", "context": {"url_index": 1, "page": 14, "found": 46, "total_so_far": 661}}
{"timestamp": "2026-06-01T08:04:51.989998+00:00", "level": "DEBUG", "message": "клик_далее_выполнен", "logger": "scraper", "trace_id": "b7cd3a74d66b"}
{"timestamp": "2026-06-01T08:05:08.176031+00:00", "level": "INFO", "message": "переход_на_следующую_страницу_выполнен", "logger": "scraper", "trace_id": "b7cd3a74d66b"}
{"timestamp": "2026-06-01T08:05:08.176576+00:00", "level": "INFO", "message": "парсинг_страницы", "logger": "scraper", "trace_id": "b7cd3a74d66b", "context": {"url_index": 1, "page": 15, "remaining": 1}}
{"timestamp": "2026-06-01T08:05:27.494309+00:00", "level": "INFO", "message": "переход_на_следующую_страницу_выполнен", "logger": "scraper", "trace_id": "b7cd3a74d66b"}
{"timestamp": "2026-06-01T08:05:27.494535+00:00", "level": "INFO", "message": "парсинг_страницы", "logger": "scraper", "trace_id": "b7cd3a74d66b", "context": {"url_index": 1, "page": 15, "remaining": 1}}
{"timestamp": "2026-06-01T08:05:41.220863+00:00", "level": "INFO", "message": "страница_обработана", "logger": "scraper", "trace_id": "b7cd3a74d66b", "context": {"url_index": 1, "page": 15, "found": 47, "total_so_far": 730}}
{"timestamp": "2026-06-01T08:05:41.221172+00:00", "level": "INFO", "message": "перезагрузка_контекста", "logger": "scraper", "trace_id": "b7cd3a74d66b", "context": {"url_index": 1, "pages_processed": 15, "next_batch_start": 16}}
{"timestamp": "2026-06-01T08:05:41.221421+00:00", "level": "DEBUG", "message": "навигация", "logger": "browser", "trace_id": "b7cd3a74d66b", "context": {"path": "https://sutochno.ru/front/searchapp/search?guests_adults=2&term=%D0%A1%D0%B0%D0%BD%D0%BA%D1%82-%D0%9F%D0%B5%D1%82%D0%B5%D1%80%D0%B1%D1%83%D1%80%D0%B3&id=397367&type=city&SW.lat=59.78064105467368&SW.lng=30.035056815429677&NE.lat=60.05472305920819&NE.lng=30.57476018457031&price_per=1&is_apartment=1&price=2000,3000"}}
{"timestamp": "2026-06-01T08:05:54.340380+00:00", "level": "INFO", "message": "быстрая_перемотка", "logger": "scraper", "trace_id": "b7cd3a74d66b", "context": {"url_index": 1, "target_page": 16, "pages_to_skip": 15}}
{"timestamp": "2026-06-01T08:06:02.300759+00:00", "level": "INFO", "message": "страница_обработана", "logger": "scraper", "trace_id": "b7cd3a74d66b", "context": {"url_index": 1, "page": 15, "found": 49, "total_so_far": 710}}
{"timestamp": "2026-06-01T08:06:02.301750+00:00", "level": "INFO", "message": "перезагрузка_контекста", "logger": "scraper", "trace_id": "b7cd3a74d66b", "context": {"url_index": 1, "pages_processed": 15, "next_batch_start": 16}}
{"timestamp": "2026-06-01T08:06:02.302800+00:00", "level": "DEBUG", "message": "навигация", "logger": "browser", "trace_id": "b7cd3a74d66b", "context": {"path": "https://sutochno.ru/front/searchapp/search?guests_adults=2&term=%D0%A1%D0%B0%D0%BD%D0%BA%D1%82-%D0%9F%D0%B5%D1%82%D0%B5%D1%80%D0%B1%D1%83%D1%80%D0%B3&id=397367&type=city&SW.lat=59.78064105467368&SW.lng=30.035056815429677&NE.lat=60.05472305920819&NE.lng=30.57476018457031&price_per=1&is_apartment=1&price=3000,4000"}}
{"timestamp": "2026-06-01T08:06:14.864908+00:00", "level": "INFO", "message": "быстрая_перемотка", "logger": "scraper", "trace_id": "b7cd3a74d66b", "context": {"url_index": 1, "target_page": 16, "pages_to_skip": 15}}
{"timestamp": "2026-06-01T08:11:07.601980+00:00", "level": "DEBUG", "message": "перемотка_прогресс", "logger": "scraper", "trace_id": "b7cd3a74d66b", "context": {"skipped": 10, "target": 15}}
{"timestamp": "2026-06-01T08:11:27.862670+00:00", "level": "DEBUG", "message": "перемотка_прогресс", "logger": "scraper", "trace_id": "b7cd3a74d66b", "context": {"skipped": 10, "target": 15}}
{"timestamp": "2026-06-01T08:13:44.575547+00:00", "level": "INFO", "message": "парсинг_страницы", "logger": "scraper", "trace_id": "b7cd3a74d66b", "context": {"url_index": 1, "page": 16, "remaining": 15}}
{"timestamp": "2026-06-01T08:14:04.893467+00:00", "level": "INFO", "message": "парсинг_страницы", "logger": "scraper", "trace_id": "b7cd3a74d66b", "context": {"url_index": 1, "page": 16, "remaining": 15}}
{"timestamp": "2026-06-01T08:14:22.460931+00:00", "level": "INFO", "message": "страница_обработана", "logger": "scraper", "trace_id": "b7cd3a74d66b", "context": {"url_index": 1, "page": 16, "found": 50, "total_so_far": 780}}
{"timestamp": "2026-06-01T08:14:23.778612+00:00", "level": "DEBUG", "message": "клик_далее_выполнен", "logger": "scraper", "trace_id": "b7cd3a74d66b"}
{"timestamp": "2026-06-01T08:14:41.845508+00:00", "level": "INFO", "message": "страница_обработана", "logger": "scraper", "trace_id": "b7cd3a74d66b", "context": {"url_index": 1, "page": 16, "found": 43, "total_so_far": 753}}
{"timestamp": "2026-06-01T08:14:43.094991+00:00", "level": "DEBUG", "message": "клик_далее_выполнен", "logger": "scraper", "trace_id": "b7cd3a74d66b"}
{"timestamp": "2026-06-01T08:15:01.643960+00:00", "level": "INFO", "message": "переход_на_следующую_страницу_выполнен", "logger": "scraper", "trace_id": "b7cd3a74d66b"}
{"timestamp": "2026-06-01T08:15:01.645547+00:00", "level": "INFO", "message": "парсинг_страницы", "logger": "scraper", "trace_id": "b7cd3a74d66b", "context": {"url_index": 1, "page": 17, "remaining": 14}}
{"timestamp": "2026-06-01T08:15:19.610032+00:00", "level": "INFO", "message": "переход_на_следующую_страницу_выполнен", "logger": "scraper", "trace_id": "b7cd3a74d66b"}
{"timestamp": "2026-06-01T08:15:19.610206+00:00", "level": "INFO", "message": "парсинг_страницы", "logger": "scraper", "trace_id": "b7cd3a74d66b", "context": {"url_index": 1, "page": 17, "remaining": 14}}
{"timestamp": "2026-06-01T08:15:31.615994+00:00", "level": "INFO", "message": "страница_обработана", "logger": "scraper", "trace_id": "b7cd3a74d66b", "context": {"url_index": 1, "page": 17, "found": 50, "total_so_far": 830}}
{"timestamp": "2026-06-01T08:15:32.834642+00:00", "level": "DEBUG", "message": "клик_далее_выполнен", "logger": "scraper", "trace_id": "b7cd3a74d66b"}
{"timestamp": "2026-06-01T08:15:53.156213+00:00", "level": "INFO", "message": "страница_обработана", "logger": "scraper", "trace_id": "b7cd3a74d66b", "context": {"url_index": 1, "page": 17, "found": 48, "total_so_far": 801}}
{"timestamp": "2026-06-01T08:15:54.439942+00:00", "level": "DEBUG", "message": "клик_далее_выполнен", "logger": "scraper", "trace_id": "b7cd3a74d66b"}
{"timestamp": "2026-06-01T08:16:09.206864+00:00", "level": "INFO", "message": "переход_на_следующую_страницу_выполнен", "logger": "scraper", "trace_id": "b7cd3a74d66b"}
{"timestamp": "2026-06-01T08:16:09.207655+00:00", "level": "INFO", "message": "парсинг_страницы", "logger": "scraper", "trace_id": "b7cd3a74d66b", "context": {"url_index": 1, "page": 18, "remaining": 13}}
{"timestamp": "2026-06-01T08:16:31.625298+00:00", "level": "INFO", "message": "переход_на_следующую_страницу_выполнен", "logger": "scraper", "trace_id": "b7cd3a74d66b"}
{"timestamp": "2026-06-01T08:16:31.625523+00:00", "level": "INFO", "message": "парсинг_страницы", "logger": "scraper", "trace_id": "b7cd3a74d66b", "context": {"url_index": 1, "page": 18, "remaining": 13}}
{"timestamp": "2026-06-01T08:16:40.841353+00:00", "level": "INFO", "message": "страница_обработана", "logger": "scraper", "trace_id": "b7cd3a74d66b", "context": {"url_index": 1, "page": 18, "found": 49, "total_so_far": 879}}
{"timestamp": "2026-06-01T08:16:42.150678+00:00", "level": "DEBUG", "message": "клик_далее_выполнен", "logger": "scraper", "trace_id": "b7cd3a74d66b"}
{"timestamp": "2026-06-01T08:17:03.420007+00:00", "level": "INFO", "message": "страница_обработана", "logger": "scraper", "trace_id": "b7cd3a74d66b", "context": {"url_index": 1, "page": 18, "found": 47, "total_so_far": 848}}
{"timestamp": "2026-06-01T08:17:04.636203+00:00", "level": "DEBUG", "message": "клик_далее_выполнен", "logger": "scraper", "trace_id": "b7cd3a74d66b"}
{"timestamp": "2026-06-01T08:17:17.607365+00:00", "level": "INFO", "message": "переход_на_следующую_страницу_выполнен", "logger": "scraper", "trace_id": "b7cd3a74d66b"}
{"timestamp": "2026-06-01T08:17:17.607624+00:00", "level": "INFO", "message": "парсинг_страницы", "logger": "scraper", "trace_id": "b7cd3a74d66b", "context": {"url_index": 1, "page": 19, "remaining": 12}}
{"timestamp": "2026-06-01T08:17:41.369855+00:00", "level": "INFO", "message": "переход_на_следующую_страницу_выполнен", "logger": "scraper", "trace_id": "b7cd3a74d66b"}
{"timestamp": "2026-06-01T08:17:41.370044+00:00", "level": "INFO", "message": "парсинг_страницы", "logger": "scraper", "trace_id": "b7cd3a74d66b", "context": {"url_index": 1, "page": 19, "remaining": 12}}
{"timestamp": "2026-06-01T08:17:50.338908+00:00", "level": "INFO", "message": "страница_обработана", "logger": "scraper", "trace_id": "b7cd3a74d66b", "context": {"url_index": 1, "page": 19, "found": 49, "total_so_far": 928}}
{"timestamp": "2026-06-01T08:17:51.540645+00:00", "level": "DEBUG", "message": "клик_далее_выполнен", "logger": "scraper", "trace_id": "b7cd3a74d66b"}
{"timestamp": "2026-06-01T08:18:13.975949+00:00", "level": "INFO", "message": "страница_обработана", "logger": "scraper", "trace_id": "b7cd3a74d66b", "context": {"url_index": 1, "page": 19, "found": 46, "total_so_far": 894}}
{"timestamp": "2026-06-01T08:18:15.252552+00:00", "level": "DEBUG", "message": "клик_далее_выполнен", "logger": "scraper", "trace_id": "b7cd3a74d66b"}
{"timestamp": "2026-06-01T08:18:28.411978+00:00", "level": "INFO", "message": "переход_на_следующую_страницу_выполнен", "logger": "scraper", "trace_id": "b7cd3a74d66b"}
{"timestamp": "2026-06-01T08:18:28.412097+00:00", "level": "INFO", "message": "парсинг_страницы", "logger": "scraper", "trace_id": "b7cd3a74d66b", "context": {"url_index": 1, "page": 20, "remaining": 11}}
{"timestamp": "2026-06-01T08:18:52.452150+00:00", "level": "INFO", "message": "переход_на_следующую_страницу_выполнен", "logger": "scraper", "trace_id": "b7cd3a74d66b"}
{"timestamp": "2026-06-01T08:18:52.452336+00:00", "level": "INFO", "message": "парсинг_страницы", "logger": "scraper", "trace_id": "b7cd3a74d66b", "context": {"url_index": 1, "page": 20, "remaining": 11}}
{"timestamp": "2026-06-01T08:18:59.993029+00:00", "level": "INFO", "message": "страница_обработана", "logger": "scraper", "trace_id": "b7cd3a74d66b", "context": {"url_index": 1, "page": 20, "found": 48, "total_so_far": 976}}
{"timestamp": "2026-06-01T08:19:01.364371+00:00", "level": "DEBUG", "message": "клик_далее_выполнен", "logger": "scraper", "trace_id": "b7cd3a74d66b"}
{"timestamp": "2026-06-01T08:19:25.243003+00:00", "level": "INFO", "message": "страница_обработана", "logger": "scraper", "trace_id": "b7cd3a74d66b", "context": {"url_index": 1, "page": 20, "found": 48, "total_so_far": 942}}
{"timestamp": "2026-06-01T08:19:26.525617+00:00", "level": "DEBUG", "message": "клик_далее_выполнен", "logger": "scraper", "trace_id": "b7cd3a74d66b"}
{"timestamp": "2026-06-01T08:19:38.037374+00:00", "level": "INFO", "message": "переход_на_следующую_страницу_выполнен", "logger": "scraper", "trace_id": "b7cd3a74d66b"}
{"timestamp": "2026-06-01T08:19:38.037795+00:00", "level": "INFO", "message": "парсинг_страницы", "logger": "scraper", "trace_id": "b7cd3a74d66b", "context": {"url_index": 1, "page": 21, "remaining": 10}}
{"timestamp": "2026-06-01T08:20:01.970436+00:00", "level": "INFO", "message": "переход_на_следующую_страницу_выполнен", "logger": "scraper", "trace_id": "b7cd3a74d66b"}
{"timestamp": "2026-06-01T08:20:01.970609+00:00", "level": "INFO", "message": "парсинг_страницы", "logger": "scraper", "trace_id": "b7cd3a74d66b", "context": {"url_index": 1, "page": 21, "remaining": 10}}
{"timestamp": "2026-06-01T08:20:16.056708+00:00", "level": "INFO", "message": "страница_обработана", "logger": "scraper", "trace_id": "b7cd3a74d66b", "context": {"url_index": 1, "page": 21, "found": 49, "total_so_far": 1025}}
{"timestamp": "2026-06-01T08:20:17.401228+00:00", "level": "DEBUG", "message": "клик_далее_выполнен", "logger": "scraper", "trace_id": "b7cd3a74d66b"}
{"timestamp": "2026-06-01T08:20:37.873399+00:00", "level": "INFO", "message": "страница_обработана", "logger": "scraper", "trace_id": "b7cd3a74d66b", "context": {"url_index": 1, "page": 21, "found": 47, "total_so_far": 989}}
{"timestamp": "2026-06-01T08:20:39.113486+00:00", "level": "DEBUG", "message": "клик_далее_выполнен", "logger": "scraper", "trace_id": "b7cd3a74d66b"}
{"timestamp": "2026-06-01T08:20:53.168399+00:00", "level": "INFO", "message": "переход_на_следующую_страницу_выполнен", "logger": "scraper", "trace_id": "b7cd3a74d66b"}
{"timestamp": "2026-06-01T08:20:53.169107+00:00", "level": "INFO", "message": "парсинг_страницы", "logger": "scraper", "trace_id": "b7cd3a74d66b", "context": {"url_index": 1, "page": 22, "remaining": 9}}
{"timestamp": "2026-06-01T08:21:15.292298+00:00", "level": "INFO", "message": "переход_на_следующую_страницу_выполнен", "logger": "scraper", "trace_id": "b7cd3a74d66b"}
{"timestamp": "2026-06-01T08:21:15.293553+00:00", "level": "INFO", "message": "парсинг_страницы", "logger": "scraper", "trace_id": "b7cd3a74d66b", "context": {"url_index": 1, "page": 22, "remaining": 9}}
{"timestamp": "2026-06-01T08:21:24.094542+00:00", "level": "INFO", "message": "страница_обработана", "logger": "scraper", "trace_id": "b7cd3a74d66b", "context": {"url_index": 1, "page": 22, "found": 46, "total_so_far": 1071}}
{"timestamp": "2026-06-01T08:21:25.296184+00:00", "level": "DEBUG", "message": "клик_далее_выполнен", "logger": "scraper", "trace_id": "b7cd3a74d66b"}
{"timestamp": "2026-06-01T08:21:47.280800+00:00", "level": "INFO", "message": "страница_обработана", "logger": "scraper", "trace_id": "b7cd3a74d66b", "context": {"url_index": 1, "page": 22, "found": 48, "total_so_far": 1037}}
{"timestamp": "2026-06-01T08:21:48.486528+00:00", "level": "DEBUG", "message": "клик_далее_выполнен", "logger": "scraper", "trace_id": "b7cd3a74d66b"}
{"timestamp": "2026-06-01T08:22:01.569524+00:00", "level": "INFO", "message": "переход_на_следующую_страницу_выполнен", "logger": "scraper", "trace_id": "b7cd3a74d66b"}
{"timestamp": "2026-06-01T08:22:01.570229+00:00", "level": "INFO", "message": "парсинг_страницы", "logger": "scraper", "trace_id": "b7cd3a74d66b", "context": {"url_index": 1, "page": 23, "remaining": 8}}
{"timestamp": "2026-06-01T08:22:25.188364+00:00", "level": "INFO", "message": "переход_на_следующую_страницу_выполнен", "logger": "scraper", "trace_id": "b7cd3a74d66b"}
{"timestamp": "2026-06-01T08:22:25.188677+00:00", "level": "INFO", "message": "парсинг_страницы", "logger": "scraper", "trace_id": "b7cd3a74d66b", "context": {"url_index": 1, "page": 23, "remaining": 8}}
{"timestamp": "2026-06-01T08:22:34.562165+00:00", "level": "INFO", "message": "страница_обработана", "logger": "scraper", "trace_id": "b7cd3a74d66b", "context": {"url_index": 1, "page": 23, "found": 49, "total_so_far": 1120}}
{"timestamp": "2026-06-01T08:22:35.879526+00:00", "level": "DEBUG", "message": "клик_далее_выполнен", "logger": "scraper", "trace_id": "b7cd3a74d66b"}
{"timestamp": "2026-06-01T08:22:56.763540+00:00", "level": "INFO", "message": "страница_обработана", "logger": "scraper", "trace_id": "b7cd3a74d66b", "context": {"url_index": 1, "page": 23, "found": 48, "total_so_far": 1085}}
{"timestamp": "2026-06-01T08:22:58.062087+00:00", "level": "DEBUG", "message": "клик_далее_выполнен", "logger": "scraper", "trace_id": "b7cd3a74d66b"}
{"timestamp": "2026-06-01T08:23:10.987860+00:00", "level": "INFO", "message": "переход_на_следующую_страницу_выполнен", "logger": "scraper", "trace_id": "b7cd3a74d66b"}
{"timestamp": "2026-06-01T08:23:10.988041+00:00", "level": "INFO", "message": "парсинг_страницы", "logger": "scraper", "trace_id": "b7cd3a74d66b", "context": {"url_index": 1, "page": 24, "remaining": 7}}
{"timestamp": "2026-06-01T08:23:34.569852+00:00", "level": "INFO", "message": "переход_на_следующую_страницу_выполнен", "logger": "scraper", "trace_id": "b7cd3a74d66b"}
{"timestamp": "2026-06-01T08:23:34.570144+00:00", "level": "INFO", "message": "парсинг_страницы", "logger": "scraper", "trace_id": "b7cd3a74d66b", "context": {"url_index": 1, "page": 24, "remaining": 7}}
{"timestamp": "2026-06-01T08:23:43.200180+00:00", "level": "INFO", "message": "страница_обработана", "logger": "scraper", "trace_id": "b7cd3a74d66b", "context": {"url_index": 1, "page": 24, "found": 49, "total_so_far": 1169}}
{"timestamp": "2026-06-01T08:23:44.501867+00:00", "level": "DEBUG", "message": "клик_далее_выполнен", "logger": "scraper", "trace_id": "b7cd3a74d66b"}
{"timestamp": "2026-06-01T08:24:05.952740+00:00", "level": "INFO", "message": "страница_обработана", "logger": "scraper", "trace_id": "b7cd3a74d66b", "context": {"url_index": 1, "page": 24, "found": 44, "total_so_far": 1129}}
{"timestamp": "2026-06-01T08:24:07.255540+00:00", "level": "DEBUG", "message": "клик_далее_выполнен", "logger": "scraper", "trace_id": "b7cd3a74d66b"}
{"timestamp": "2026-06-01T08:24:19.742570+00:00", "level": "INFO", "message": "переход_на_следующую_страницу_выполнен", "logger": "scraper", "trace_id": "b7cd3a74d66b"}
{"timestamp": "2026-06-01T08:24:19.743206+00:00", "level": "INFO", "message": "парсинг_страницы", "logger": "scraper", "trace_id": "b7cd3a74d66b", "context": {"url_index": 1, "page": 25, "remaining": 6}}
{"timestamp": "2026-06-01T08:24:43.797924+00:00", "level": "INFO", "message": "переход_на_следующую_страницу_выполнен", "logger": "scraper", "trace_id": "b7cd3a74d66b"}
{"timestamp": "2026-06-01T08:24:43.798053+00:00", "level": "INFO", "message": "парсинг_страницы", "logger": "scraper", "trace_id": "b7cd3a74d66b", "context": {"url_index": 1, "page": 25, "remaining": 6}}
{"timestamp": "2026-06-01T08:24:52.463159+00:00", "level": "INFO", "message": "страница_обработана", "logger": "scraper", "trace_id": "b7cd3a74d66b", "context": {"url_index": 1, "page": 25, "found": 49, "total_so_far": 1218}}
{"timestamp": "2026-06-01T08:24:53.713789+00:00", "level": "DEBUG", "message": "клик_далее_выполнен", "logger": "scraper", "trace_id": "b7cd3a74d66b"}
{"timestamp": "2026-06-01T08:25:16.311529+00:00", "level": "INFO", "message": "страница_обработана", "logger": "scraper", "trace_id": "b7cd3a74d66b", "context": {"url_index": 1, "page": 25, "found": 48, "total_so_far": 1177}}
{"timestamp": "2026-06-01T08:25:17.596191+00:00", "level": "DEBUG", "message": "клик_далее_выполнен", "logger": "scraper", "trace_id": "b7cd3a74d66b"}
{"timestamp": "2026-06-01T08:25:31.612515+00:00", "level": "INFO", "message": "переход_на_следующую_страницу_выполнен", "logger": "scraper", "trace_id": "b7cd3a74d66b"}
{"timestamp": "2026-06-01T08:25:31.612953+00:00", "level": "INFO", "message": "парсинг_страницы", "logger": "scraper", "trace_id": "b7cd3a74d66b", "context": {"url_index": 1, "page": 26, "remaining": 5}}
{"timestamp": "2026-06-01T08:25:53.980478+00:00", "level": "INFO", "message": "переход_на_следующую_страницу_выполнен", "logger": "scraper", "trace_id": "b7cd3a74d66b"}
{"timestamp": "2026-06-01T08:25:53.981316+00:00", "level": "INFO", "message": "парсинг_страницы", "logger": "scraper", "trace_id": "b7cd3a74d66b", "context": {"url_index": 1, "page": 26, "remaining": 5}}
{"timestamp": "2026-06-01T08:26:01.031479+00:00", "level": "INFO", "message": "страница_обработана", "logger": "scraper", "trace_id": "b7cd3a74d66b", "context": {"url_index": 1, "page": 26, "found": 48, "total_so_far": 1266}}
{"timestamp": "2026-06-01T08:26:02.347787+00:00", "level": "DEBUG", "message": "клик_далее_выполнен", "logger": "scraper", "trace_id": "b7cd3a74d66b"}
{"timestamp": "2026-06-01T08:26:26.139094+00:00", "level": "INFO", "message": "страница_обработана", "logger": "scraper", "trace_id": "b7cd3a74d66b", "context": {"url_index": 1, "page": 26, "found": 48, "total_so_far": 1225}}
{"timestamp": "2026-06-01T08:26:27.358745+00:00", "level": "DEBUG", "message": "клик_далее_выполнен", "logger": "scraper", "trace_id": "b7cd3a74d66b"}
{"timestamp": "2026-06-01T08:26:37.570423+00:00", "level": "INFO", "message": "переход_на_следующую_страницу_выполнен", "logger": "scraper", "trace_id": "b7cd3a74d66b"}
{"timestamp": "2026-06-01T08:26:37.570940+00:00", "level": "INFO", "message": "парсинг_страницы", "logger": "scraper", "trace_id": "b7cd3a74d66b", "context": {"url_index": 1, "page": 27, "remaining": 4}}
{"timestamp": "2026-06-01T08:27:05.220310+00:00", "level": "INFO", "message": "переход_на_следующую_страницу_выполнен", "logger": "scraper", "trace_id": "b7cd3a74d66b"}
{"timestamp": "2026-06-01T08:27:05.220827+00:00", "level": "INFO", "message": "парсинг_страницы", "logger": "scraper", "trace_id": "b7cd3a74d66b", "context": {"url_index": 1, "page": 27, "remaining": 4}}
{"timestamp": "2026-06-01T08:27:13.929992+00:00", "level": "INFO", "message": "страница_обработана", "logger": "scraper", "trace_id": "b7cd3a74d66b", "context": {"url_index": 1, "page": 27, "found": 49, "total_so_far": 1315}}
{"timestamp": "2026-06-01T08:27:15.198401+00:00", "level": "DEBUG", "message": "клик_далее_выполнен", "logger": "scraper", "trace_id": "b7cd3a74d66b"}
{"timestamp": "2026-06-01T08:27:34.805933+00:00", "level": "INFO", "message": "страница_обработана", "logger": "scraper", "trace_id": "b7cd3a74d66b", "context": {"url_index": 1, "page": 27, "found": 44, "total_so_far": 1269}}
{"timestamp": "2026-06-01T08:27:36.104822+00:00", "level": "DEBUG", "message": "клик_далее_выполнен", "logger": "scraper", "trace_id": "b7cd3a74d66b"}
{"timestamp": "2026-06-01T08:27:51.161153+00:00", "level": "INFO", "message": "переход_на_следующую_страницу_выполнен", "logger": "scraper", "trace_id": "b7cd3a74d66b"}
{"timestamp": "2026-06-01T08:27:51.161343+00:00", "level": "INFO", "message": "парсинг_страницы", "logger": "scraper", "trace_id": "b7cd3a74d66b", "context": {"url_index": 1, "page": 28, "remaining": 3}}
{"timestamp": "2026-06-01T08:28:12.431558+00:00", "level": "INFO", "message": "переход_на_следующую_страницу_выполнен", "logger": "scraper", "trace_id": "b7cd3a74d66b"}
{"timestamp": "2026-06-01T08:28:12.432238+00:00", "level": "INFO", "message": "парсинг_страницы", "logger": "scraper", "trace_id": "b7cd3a74d66b", "context": {"url_index": 1, "page": 28, "remaining": 3}}
{"timestamp": "2026-06-01T08:28:21.463605+00:00", "level": "INFO", "message": "страница_обработана", "logger": "scraper", "trace_id": "b7cd3a74d66b", "context": {"url_index": 1, "page": 28, "found": 45, "total_so_far": 1360}}
{"timestamp": "2026-06-01T08:28:22.713250+00:00", "level": "DEBUG", "message": "клик_далее_выполнен", "logger": "scraper", "trace_id": "b7cd3a74d66b"}
{"timestamp": "2026-06-01T08:28:44.443413+00:00", "level": "INFO", "message": "страница_обработана", "logger": "scraper", "trace_id": "b7cd3a74d66b", "context": {"url_index": 1, "page": 28, "found": 48, "total_so_far": 1317}}
{"timestamp": "2026-06-01T08:28:45.870084+00:00", "level": "DEBUG", "message": "клик_далее_выполнен", "logger": "scraper", "trace_id": "b7cd3a74d66b"}
{"timestamp": "2026-06-01T08:28:59.677859+00:00", "level": "INFO", "message": "переход_на_следующую_страницу_выполнен", "logger": "scraper", "trace_id": "b7cd3a74d66b"}
{"timestamp": "2026-06-01T08:28:59.678111+00:00", "level": "INFO", "message": "парсинг_страницы", "logger": "scraper", "trace_id": "b7cd3a74d66b", "context": {"url_index": 1, "page": 29, "remaining": 2}}
{"timestamp": "2026-06-01T08:29:21.690731+00:00", "level": "INFO", "message": "переход_на_следующую_страницу_выполнен", "logger": "scraper", "trace_id": "b7cd3a74d66b"}
{"timestamp": "2026-06-01T08:29:21.690868+00:00", "level": "INFO", "message": "парсинг_страницы", "logger": "scraper", "trace_id": "b7cd3a74d66b", "context": {"url_index": 1, "page": 29, "remaining": 2}}
{"timestamp": "2026-06-01T08:29:33.832795+00:00", "level": "INFO", "message": "страница_обработана", "logger": "scraper", "trace_id": "b7cd3a74d66b", "context": {"url_index": 1, "page": 29, "found": 50, "total_so_far": 1410}}
{"timestamp": "2026-06-01T08:29:35.117457+00:00", "level": "DEBUG", "message": "клик_далее_выполнен", "logger": "scraper", "trace_id": "b7cd3a74d66b"}
{"timestamp": "2026-06-01T08:29:52.348694+00:00", "level": "INFO", "message": "страница_обработана", "logger": "scraper", "trace_id": "b7cd3a74d66b", "context": {"url_index": 1, "page": 29, "found": 45, "total_so_far": 1362}}
{"timestamp": "2026-06-01T08:29:53.563837+00:00", "level": "DEBUG", "message": "клик_далее_выполнен", "logger": "scraper", "trace_id": "b7cd3a74d66b"}
{"timestamp": "2026-06-01T08:30:12.385862+00:00", "level": "INFO", "message": "переход_на_следующую_страницу_выполнен", "logger": "scraper", "trace_id": "b7cd3a74d66b"}
{"timestamp": "2026-06-01T08:30:12.385987+00:00", "level": "INFO", "message": "парсинг_страницы", "logger": "scraper", "trace_id": "b7cd3a74d66b", "context": {"url_index": 1, "page": 30, "remaining": 1}}
{"timestamp": "2026-06-01T08:30:29.194031+00:00", "level": "INFO", "message": "переход_на_следующую_страницу_выполнен", "logger": "scraper", "trace_id": "b7cd3a74d66b"}
{"timestamp": "2026-06-01T08:30:29.194423+00:00", "level": "INFO", "message": "парсинг_страницы", "logger": "scraper", "trace_id": "b7cd3a74d66b", "context": {"url_index": 1, "page": 30, "remaining": 1}}
{"timestamp": "2026-06-01T08:30:47.744979+00:00", "level": "INFO", "message": "страница_обработана", "logger": "scraper", "trace_id": "b7cd3a74d66b", "context": {"url_index": 1, "page": 30, "found": 50, "total_so_far": 1460}}
{"timestamp": "2026-06-01T08:30:47.745258+00:00", "level": "INFO", "message": "перезагрузка_контекста", "logger": "scraper", "trace_id": "b7cd3a74d66b", "context": {"url_index": 1, "pages_processed": 30, "next_batch_start": 31}}
{"timestamp": "2026-06-01T08:30:47.745452+00:00", "level": "DEBUG", "message": "навигация", "logger": "browser", "trace_id": "b7cd3a74d66b", "context": {"path": "https://sutochno.ru/front/searchapp/search?guests_adults=2&term=%D0%A1%D0%B0%D0%BD%D0%BA%D1%82-%D0%9F%D0%B5%D1%82%D0%B5%D1%80%D0%B1%D1%83%D1%80%D0%B3&id=397367&type=city&SW.lat=59.78064105467368&SW.lng=30.035056815429677&NE.lat=60.05472305920819&NE.lng=30.57476018457031&price_per=1&is_apartment=1&price=2000,3000"}}
{"timestamp": "2026-06-01T08:30:59.880397+00:00", "level": "INFO", "message": "страница_обработана", "logger": "scraper", "trace_id": "b7cd3a74d66b", "context": {"url_index": 1, "page": 30, "found": 46, "total_so_far": 1408}}
{"timestamp": "2026-06-01T08:30:59.881319+00:00", "level": "INFO", "message": "перезагрузка_контекста", "logger": "scraper", "trace_id": "b7cd3a74d66b", "context": {"url_index": 1, "pages_processed": 30, "next_batch_start": 31}}
{"timestamp": "2026-06-01T08:30:59.881984+00:00", "level": "DEBUG", "message": "навигация", "logger": "browser", "trace_id": "b7cd3a74d66b", "context": {"path": "https://sutochno.ru/front/searchapp/search?guests_adults=2&term=%D0%A1%D0%B0%D0%BD%D0%BA%D1%82-%D0%9F%D0%B5%D1%82%D0%B5%D1%80%D0%B1%D1%83%D1%80%D0%B3&id=397367&type=city&SW.lat=59.78064105467368&SW.lng=30.035056815429677&NE.lat=60.05472305920819&NE.lng=30.57476018457031&price_per=1&is_apartment=1&price=3000,4000"}}
{"timestamp": "2026-06-01T08:30:59.954279+00:00", "level": "INFO", "message": "быстрая_перемотка", "logger": "scraper", "trace_id": "b7cd3a74d66b", "context": {"url_index": 1, "target_page": 31, "pages_to_skip": 30}}
{"timestamp": "2026-06-01T08:31:13.296643+00:00", "level": "INFO", "message": "быстрая_перемотка", "logger": "scraper", "trace_id": "b7cd3a74d66b", "context": {"url_index": 1, "target_page": 31, "pages_to_skip": 30}}
{"timestamp": "2026-06-01T08:36:13.402420+00:00", "level": "DEBUG", "message": "перемотка_прогресс", "logger": "scraper", "trace_id": "b7cd3a74d66b", "context": {"skipped": 10, "target": 30}}
{"timestamp": "2026-06-01T08:36:24.955881+00:00", "level": "DEBUG", "message": "перемотка_прогресс", "logger": "scraper", "trace_id": "b7cd3a74d66b", "context": {"skipped": 10, "target": 30}}
{"timestamp": "2026-06-01T08:41:27.364870+00:00", "level": "DEBUG", "message": "перемотка_прогресс", "logger": "scraper", "trace_id": "b7cd3a74d66b", "context": {"skipped": 20, "target": 30}}
{"timestamp": "2026-06-01T08:41:36.781067+00:00", "level": "DEBUG", "message": "перемотка_прогресс", "logger": "scraper", "trace_id": "b7cd3a74d66b", "context": {"skipped": 20, "target": 30}}
{"timestamp": "2026-06-01T08:45:38.503124+00:00", "level": "INFO", "message": "приложение_запущено", "logger": "main", "trace_id": "8c1245cf8f0f", "context": {"step": "init", "search_urls_count": 3, "max_pages": 0}}
{"timestamp": "2026-06-01T08:45:38.504145+00:00", "level": "INFO", "message": "база_данных_инициализирована", "logger": "repository", "trace_id": "8c1245cf8f0f", "context": {"path": "data/sutochno_listings.db"}}
{"timestamp": "2026-06-01T08:45:38.504695+00:00", "level": "INFO", "message": "таблицы_снимков_инициализированы", "logger": "repository.snapshot", "trace_id": "8c1245cf8f0f"}
{"timestamp": "2026-06-01T08:45:38.504797+00:00", "level": "INFO", "message": "режим_прокси_включён", "logger": "main", "trace_id": "8c1245cf8f0f", "context": {"step": "proxy_check"}}
{"timestamp": "2026-06-01T08:45:38.505090+00:00", "level": "INFO", "message": "прокси_загружены", "logger": "proxy", "trace_id": "8c1245cf8f0f", "context": {"total": 8, "path": "data/proxies.txt"}}
{"timestamp": "2026-06-01T08:45:38.505180+00:00", "level": "INFO", "message": "начало_проверки_прокси", "logger": "proxy", "trace_id": "8c1245cf8f0f", "context": {"total": 8}}
{"timestamp": "2026-06-01T08:46:17.710195+00:00", "level": "INFO", "message": "прокси_работает", "logger": "proxy", "trace_id": "8c1245cf8f0f", "context": {"step": "212.81.39.56:9698:MbaGHb:***"}}
{"timestamp": "2026-06-01T08:46:17.710942+00:00", "level": "INFO", "message": "прокси_работает", "logger": "proxy", "trace_id": "8c1245cf8f0f", "context": {"step": "212.81.38.3:9423:MbaGHb:***"}}
{"timestamp": "2026-06-01T08:46:17.712091+00:00", "level": "INFO", "message": "прокси_работает", "logger": "proxy", "trace_id": "8c1245cf8f0f", "context": {"step": "212.81.39.236:9778:MbaGHb:***"}}
{"timestamp": "2026-06-01T08:46:17.712691+00:00", "level": "INFO", "message": "прокси_работает", "logger": "proxy", "trace_id": "8c1245cf8f0f", "context": {"step": "212.81.39.42:9852:MbaGHb:***"}}
{"timestamp": "2026-06-01T08:46:17.712994+00:00", "level": "INFO", "message": "прокси_работает", "logger": "proxy", "trace_id": "8c1245cf8f0f", "context": {"step": "212.81.37.186:9517:MbaGHb:***"}}
{"timestamp": "2026-06-01T08:46:17.713409+00:00", "level": "INFO", "message": "прокси_работает", "logger": "proxy", "trace_id": "8c1245cf8f0f", "context": {"step": "212.81.39.54:9253:MbaGHb:***"}}
{"timestamp": "2026-06-01T08:46:17.713898+00:00", "level": "INFO", "message": "прокси_работает", "logger": "proxy", "trace_id": "8c1245cf8f0f", "context": {"step": "212.81.36.74:9566:MbaGHb:***"}}
{"timestamp": "2026-06-01T08:46:17.714205+00:00", "level": "INFO", "message": "прокси_работает", "logger": "proxy", "trace_id": "8c1245cf8f0f", "context": {"step": "212.81.36.222:9912:MbaGHb:***"}}
{"timestamp": "2026-06-01T08:46:17.714510+00:00", "level": "INFO", "message": "проверка_прокси_завершена", "logger": "proxy", "trace_id": "8c1245cf8f0f", "context": {"total": 8, "step": "из 8"}}
{"timestamp": "2026-06-01T08:46:17.714918+00:00", "level": "INFO", "message": "прокси_готовы", "logger": "main", "trace_id": "8c1245cf8f0f", "context": {"total": 8, "step": "proxy_check"}}
{"timestamp": "2026-06-01T08:46:17.715404+00:00", "level": "INFO", "message": "запуск_браузера", "logger": "browser", "trace_id": "8c1245cf8f0f", "context": {"step": "без прокси"}}
{"timestamp": "2026-06-01T08:46:18.397428+00:00", "level": "INFO", "message": "браузер_запущен", "logger": "browser", "trace_id": "8c1245cf8f0f", "context": {"step": "без прокси"}}
{"timestamp": "2026-06-01T08:46:18.397907+00:00", "level": "INFO", "message": "начало_парсинга_каталога", "logger": "main", "trace_id": "8c1245cf8f0f", "context": {"step": "scraping", "urls_count": 3, "mode": "параллельный"}}
{"timestamp": "2026-06-01T08:46:18.398280+00:00", "level": "INFO", "message": "начало_парсинга_каталога", "logger": "scraper", "trace_id": "8c1245cf8f0f", "context": {"urls_count": 3, "max_pages": 999}}
{"timestamp": "2026-06-01T08:46:18.398593+00:00", "level": "INFO", "message": "параллельный_парсинг_каталога", "logger": "scraper", "trace_id": "8c1245cf8f0f", "context": {"workers": 3, "urls": 3, "proxies": 8}}
{"timestamp": "2026-06-01T08:46:18.399089+00:00", "level": "INFO", "message": "запуск_браузера", "logger": "browser", "trace_id": "8c1245cf8f0f", "context": {"step": "212.81.39.56:9698:MbaGHb:***"}}
{"timestamp": "2026-06-01T08:46:18.399514+00:00", "level": "INFO", "message": "запуск_браузера", "logger": "browser", "trace_id": "8c1245cf8f0f", "context": {"step": "212.81.38.3:9423:MbaGHb:***"}}
{"timestamp": "2026-06-01T08:46:18.399930+00:00", "level": "INFO", "message": "запуск_браузера", "logger": "browser", "trace_id": "8c1245cf8f0f", "context": {"step": "212.81.39.236:9778:MbaGHb:***"}}
{"timestamp": "2026-06-01T08:46:19.024650+00:00", "level": "INFO", "message": "браузер_запущен", "logger": "browser", "trace_id": "8c1245cf8f0f", "context": {"step": "212.81.39.236:9778:MbaGHb:***"}}
{"timestamp": "2026-06-01T08:46:19.025869+00:00", "level": "INFO", "message": "воркер_начало_обхода_ссылки", "logger": "scraper", "trace_id": "8c1245cf8f0f", "context": {"worker": 2, "url_index": 1, "remaining_pages": 333, "url": "https://sutochno.ru/front/searchapp/search?guests_adults=2&term=%D0%A1%D0%B0%D0%..."}}
{"timestamp": "2026-06-01T08:46:19.026899+00:00", "level": "DEBUG", "message": "навигация", "logger": "browser", "trace_id": "8c1245cf8f0f", "context": {"path": "https://sutochno.ru/front/searchapp/search?guests_adults=2&term=%D0%A1%D0%B0%D0%BD%D0%BA%D1%82-%D0%9F%D0%B5%D1%82%D0%B5%D1%80%D0%B1%D1%83%D1%80%D0%B3&id=397367&type=city&SW.lat=59.78064105467368&SW.lng=30.035056815429677&NE.lat=60.05472305920819&NE.lng=30.57476018457031&price_per=1&is_apartment=1&price=3000,4000"}}
{"timestamp": "2026-06-01T08:46:19.078989+00:00", "level": "INFO", "message": "браузер_запущен", "logger": "browser", "trace_id": "8c1245cf8f0f", "context": {"step": "212.81.38.3:9423:MbaGHb:***"}}
{"timestamp": "2026-06-01T08:46:19.079526+00:00", "level": "INFO", "message": "воркер_начало_обхода_ссылки", "logger": "scraper", "trace_id": "8c1245cf8f0f", "context": {"worker": 1, "url_index": 1, "remaining_pages": 333, "url": "https://sutochno.ru/front/searchapp/search?guests_adults=2&term=%D0%A1%D0%B0%D0%..."}}
{"timestamp": "2026-06-01T08:46:19.079932+00:00", "level": "DEBUG", "message": "навигация", "logger": "browser", "trace_id": "8c1245cf8f0f", "context": {"path": "https://sutochno.ru/front/searchapp/search?guests_adults=2&term=%D0%A1%D0%B0%D0%BD%D0%BA%D1%82-%D0%9F%D0%B5%D1%82%D0%B5%D1%80%D0%B1%D1%83%D1%80%D0%B3&id=397367&type=city&SW.lat=59.78064105467368&SW.lng=30.035056815429677&NE.lat=60.05472305920819&NE.lng=30.57476018457031&price_per=1&is_apartment=1&price=2000,3000"}}
{"timestamp": "2026-06-01T08:46:19.184752+00:00", "level": "INFO", "message": "браузер_запущен", "logger": "browser", "trace_id": "8c1245cf8f0f", "context": {"step": "212.81.39.56:9698:MbaGHb:***"}}
{"timestamp": "2026-06-01T08:46:19.185383+00:00", "level": "INFO", "message": "воркер_начало_обхода_ссылки", "logger": "scraper", "trace_id": "8c1245cf8f0f", "context": {"worker": 0, "url_index": 1, "remaining_pages": 333, "url": "https://sutochno.ru/front/searchapp/search?guests_adults=2&term=%D0%A1%D0%B0%D0%..."}}
{"timestamp": "2026-06-01T08:46:19.185738+00:00", "level": "DEBUG", "message": "навигация", "logger": "browser", "trace_id": "8c1245cf8f0f", "context": {"path": "https://sutochno.ru/front/searchapp/search?guests_adults=2&term=%D0%A1%D0%B0%D0%BD%D0%BA%D1%82-%D0%9F%D0%B5%D1%82%D0%B5%D1%80%D0%B1%D1%83%D1%80%D0%B3&id=397367&type=city&SW.lat=59.78064105467368&SW.lng=30.035056815429677&NE.lat=60.05472305920819&NE.lng=30.57476018457031&price_per=1&is_apartment=1&price=,2000"}}
{"timestamp": "2026-06-01T08:46:39.298448+00:00", "level": "INFO", "message": "парсинг_страницы", "logger": "scraper", "trace_id": "8c1245cf8f0f", "context": {"url_index": 1, "page": 1, "remaining": 333}}
{"timestamp": "2026-06-01T08:46:39.506752+00:00", "level": "INFO", "message": "парсинг_страницы", "logger": "scraper", "trace_id": "8c1245cf8f0f", "context": {"url_index": 1, "page": 1, "remaining": 333}}
{"timestamp": "2026-06-01T08:46:39.532595+00:00", "level": "INFO", "message": "парсинг_страницы", "logger": "scraper", "trace_id": "8c1245cf8f0f", "context": {"url_index": 1, "page": 1, "remaining": 333}}
{"timestamp": "2026-06-01T08:47:16.515381+00:00", "level": "INFO", "message": "страница_обработана", "logger": "scraper", "trace_id": "8c1245cf8f0f", "context": {"url_index": 1, "page": 1, "found": 49, "total_so_far": 49}}
{"timestamp": "2026-06-01T08:47:16.585078+00:00", "level": "DEBUG", "message": "dom_очищен", "logger": "scraper", "trace_id": "8c1245cf8f0f", "context": {"removed_elements": 50}}
{"timestamp": "2026-06-01T08:47:17.904650+00:00", "level": "DEBUG", "message": "клик_далее_выполнен", "logger": "scraper", "trace_id": "8c1245cf8f0f"}
{"timestamp": "2026-06-01T08:47:18.167287+00:00", "level": "INFO", "message": "страница_обработана", "logger": "scraper", "trace_id": "8c1245cf8f0f", "context": {"url_index": 1, "page": 1, "found": 47, "total_so_far": 47}}
{"timestamp": "2026-06-01T08:47:18.254026+00:00", "level": "DEBUG", "message": "dom_очищен", "logger": "scraper", "trace_id": "8c1245cf8f0f", "context": {"removed_elements": 50}}
{"timestamp": "2026-06-01T08:47:19.549928+00:00", "level": "INFO", "message": "страница_обработана", "logger": "scraper", "trace_id": "8c1245cf8f0f", "context": {"url_index": 1, "page": 1, "found": 50, "total_so_far": 50}}
{"timestamp": "2026-06-01T08:47:19.591660+00:00", "level": "DEBUG", "message": "клик_далее_выполнен", "logger": "scraper", "trace_id": "8c1245cf8f0f"}
{"timestamp": "2026-06-01T08:47:19.658247+00:00", "level": "DEBUG", "message": "dom_очищен", "logger": "scraper", "trace_id": "8c1245cf8f0f", "context": {"removed_elements": 50}}
{"timestamp": "2026-06-01T08:47:20.958364+00:00", "level": "DEBUG", "message": "клик_далее_выполнен", "logger": "scraper", "trace_id": "8c1245cf8f0f"}
{"timestamp": "2026-06-01T08:47:25.915107+00:00", "level": "INFO", "message": "переход_на_следующую_страницу_выполнен", "logger": "scraper", "trace_id": "8c1245cf8f0f"}
{"timestamp": "2026-06-01T08:47:25.915727+00:00", "level": "INFO", "message": "парсинг_страницы", "logger": "scraper", "trace_id": "8c1245cf8f0f", "context": {"url_index": 1, "page": 2, "remaining": 332}}
{"timestamp": "2026-06-01T08:47:53.527301+00:00", "level": "INFO", "message": "переход_на_следующую_страницу_выполнен", "logger": "scraper", "trace_id": "8c1245cf8f0f"}
{"timestamp": "2026-06-01T08:47:53.527546+00:00", "level": "INFO", "message": "парсинг_страницы", "logger": "scraper", "trace_id": "8c1245cf8f0f", "context": {"url_index": 1, "page": 2, "remaining": 332}}
{"timestamp": "2026-06-01T08:47:57.155492+00:00", "level": "INFO", "message": "переход_на_следующую_страницу_выполнен", "logger": "scraper", "trace_id": "8c1245cf8f0f"}
{"timestamp": "2026-06-01T08:47:57.157694+00:00", "level": "INFO", "message": "парсинг_страницы", "logger": "scraper", "trace_id": "8c1245cf8f0f", "context": {"url_index": 1, "page": 2, "remaining": 332}}
{"timestamp": "2026-06-01T08:48:04.037616+00:00", "level": "INFO", "message": "страница_обработана", "logger": "scraper", "trace_id": "8c1245cf8f0f", "context": {"url_index": 1, "page": 2, "found": 50, "total_so_far": 97}}
{"timestamp": "2026-06-01T08:48:04.230309+00:00", "level": "DEBUG", "message": "dom_очищен", "logger": "scraper", "trace_id": "8c1245cf8f0f", "context": {"removed_elements": 50}}
{"timestamp": "2026-06-01T08:48:05.529290+00:00", "level": "DEBUG", "message": "клик_далее_выполнен", "logger": "scraper", "trace_id": "8c1245cf8f0f"}
{"timestamp": "2026-06-01T08:48:28.637315+00:00", "level": "INFO", "message": "страница_обработана", "logger": "scraper", "trace_id": "8c1245cf8f0f", "context": {"url_index": 1, "page": 2, "found": 48, "total_so_far": 97}}
{"timestamp": "2026-06-01T08:48:28.722004+00:00", "level": "DEBUG", "message": "dom_очищен", "logger": "scraper", "trace_id": "8c1245cf8f0f", "context": {"removed_elements": 50}}
{"timestamp": "2026-06-01T08:48:29.963103+00:00", "level": "DEBUG", "message": "клик_далее_выполнен", "logger": "scraper", "trace_id": "8c1245cf8f0f"}
{"timestamp": "2026-06-01T08:48:35.470192+00:00", "level": "INFO", "message": "страница_обработана", "logger": "scraper", "trace_id": "8c1245cf8f0f", "context": {"url_index": 1, "page": 2, "found": 50, "total_so_far": 100}}
{"timestamp": "2026-06-01T08:48:35.549309+00:00", "level": "DEBUG", "message": "dom_очищен", "logger": "scraper", "trace_id": "8c1245cf8f0f", "context": {"removed_elements": 50}}
{"timestamp": "2026-06-01T08:48:36.796912+00:00", "level": "DEBUG", "message": "клик_далее_выполнен", "logger": "scraper", "trace_id": "8c1245cf8f0f"}
{"timestamp": "2026-06-01T08:48:42.611600+00:00", "level": "INFO", "message": "переход_на_следующую_страницу_выполнен", "logger": "scraper", "trace_id": "8c1245cf8f0f"}
{"timestamp": "2026-06-01T08:48:42.611837+00:00", "level": "INFO", "message": "парсинг_страницы", "logger": "scraper", "trace_id": "8c1245cf8f0f", "context": {"url_index": 1, "page": 3, "remaining": 331}}
{"timestamp": "2026-06-01T08:49:06.879327+00:00", "level": "INFO", "message": "переход_на_следующую_страницу_выполнен", "logger": "scraper", "trace_id": "8c1245cf8f0f"}
{"timestamp": "2026-06-01T08:49:06.879923+00:00", "level": "INFO", "message": "парсинг_страницы", "logger": "scraper", "trace_id": "8c1245cf8f0f", "context": {"url_index": 1, "page": 3, "remaining": 331}}
{"timestamp": "2026-06-01T08:49:14.713525+00:00", "level": "INFO", "message": "переход_на_следующую_страницу_выполнен", "logger": "scraper", "trace_id": "8c1245cf8f0f"}
{"timestamp": "2026-06-01T08:49:14.714040+00:00", "level": "INFO", "message": "парсинг_страницы", "logger": "scraper", "trace_id": "8c1245cf8f0f", "context": {"url_index": 1, "page": 3, "remaining": 331}}
{"timestamp": "2026-06-01T08:49:19.147099+00:00", "level": "INFO", "message": "страница_обработана", "logger": "scraper", "trace_id": "8c1245cf8f0f", "context": {"url_index": 1, "page": 3, "found": 47, "total_so_far": 144}}
{"timestamp": "2026-06-01T08:49:19.204642+00:00", "level": "DEBUG", "message": "dom_очищен", "logger": "scraper", "trace_id": "8c1245cf8f0f", "context": {"removed_elements": 50}}
{"timestamp": "2026-06-01T08:49:20.412834+00:00", "level": "DEBUG", "message": "клик_далее_выполнен", "logger": "scraper", "trace_id": "8c1245cf8f0f"}
{"timestamp": "2026-06-01T08:49:42.672630+00:00", "level": "INFO", "message": "страница_обработана", "logger": "scraper", "trace_id": "8c1245cf8f0f", "context": {"url_index": 1, "page": 3, "found": 49, "total_so_far": 146}}
{"timestamp": "2026-06-01T08:49:42.738947+00:00", "level": "DEBUG", "message": "dom_очищен", "logger": "scraper", "trace_id": "8c1245cf8f0f", "context": {"removed_elements": 50}}
{"timestamp": "2026-06-01T08:49:43.988692+00:00", "level": "DEBUG", "message": "клик_далее_выполнен", "logger": "scraper", "trace_id": "8c1245cf8f0f"}
{"timestamp": "2026-06-01T08:49:48.669642+00:00", "level": "INFO", "message": "страница_обработана", "logger": "scraper", "trace_id": "8c1245cf8f0f", "context": {"url_index": 1, "page": 3, "found": 50, "total_so_far": 150}}
{"timestamp": "2026-06-01T08:49:48.740567+00:00", "level": "DEBUG", "message": "dom_очищен", "logger": "scraper", "trace_id": "8c1245cf8f0f", "context": {"removed_elements": 50}}
{"timestamp": "2026-06-01T08:49:49.974561+00:00", "level": "DEBUG", "message": "клик_далее_выполнен", "logger": "scraper", "trace_id": "8c1245cf8f0f"}
{"timestamp": "2026-06-01T08:49:56.022642+00:00", "level": "INFO", "message": "переход_на_следующую_страницу_выполнен", "logger": "scraper", "trace_id": "8c1245cf8f0f"}
{"timestamp": "2026-06-01T08:49:56.023753+00:00", "level": "INFO", "message": "парсинг_страницы", "logger": "scraper", "trace_id": "8c1245cf8f0f", "context": {"url_index": 1, "page": 4, "remaining": 330}}
{"timestamp": "2026-06-01T08:50:19.239706+00:00", "level": "INFO", "message": "переход_на_следующую_страницу_выполнен", "logger": "scraper", "trace_id": "8c1245cf8f0f"}
{"timestamp": "2026-06-01T08:50:19.240238+00:00", "level": "INFO", "message": "парсинг_страницы", "logger": "scraper", "trace_id": "8c1245cf8f0f", "context": {"url_index": 1, "page": 4, "remaining": 330}}
{"timestamp": "2026-06-01T08:50:27.072719+00:00", "level": "INFO", "message": "переход_на_следующую_страницу_выполнен", "logger": "scraper", "trace_id": "8c1245cf8f0f"}
{"timestamp": "2026-06-01T08:50:27.072989+00:00", "level": "INFO", "message": "парсинг_страницы", "logger": "scraper", "trace_id": "8c1245cf8f0f", "context": {"url_index": 1, "page": 4, "remaining": 330}}
{"timestamp": "2026-06-01T08:50:29.706289+00:00", "level": "INFO", "message": "страница_обработана", "logger": "scraper", "trace_id": "8c1245cf8f0f", "context": {"url_index": 1, "page": 4, "found": 47, "total_so_far": 191}}
{"timestamp": "2026-06-01T08:50:29.767316+00:00", "level": "DEBUG", "message": "dom_очищен", "logger": "scraper", "trace_id": "8c1245cf8f0f", "context": {"removed_elements": 50}}
{"timestamp": "2026-06-01T08:50:31.041477+00:00", "level": "DEBUG", "message": "клик_далее_выполнен", "logger": "scraper", "trace_id": "8c1245cf8f0f"}
{"timestamp": "2026-06-01T08:50:49.057024+00:00", "level": "INFO", "message": "страница_обработана", "logger": "scraper", "trace_id": "8c1245cf8f0f", "context": {"url_index": 1, "page": 4, "found": 28, "total_so_far": 178}}
{"timestamp": "2026-06-01T08:50:49.110150+00:00", "level": "DEBUG", "message": "dom_очищен", "logger": "scraper", "trace_id": "8c1245cf8f0f", "context": {"removed_elements": 28}}
{"timestamp": "2026-06-01T08:50:50.150369+00:00", "level": "DEBUG", "message": "кнопка_далее_не_найдена", "logger": "scraper", "trace_id": "8c1245cf8f0f"}
{"timestamp": "2026-06-01T08:50:50.150812+00:00", "level": "INFO", "message": "последняя_страница_достигнута", "logger": "scraper", "trace_id": "8c1245cf8f0f", "context": {"url_index": 1, "page": 4}}
{"timestamp": "2026-06-01T08:50:50.150999+00:00", "level": "INFO", "message": "воркер_ссылка_обработана", "logger": "scraper", "trace_id": "8c1245cf8f0f", "context": {"worker": 0, "url_index": 1, "pages_from_url": 4, "listings_so_far": 178}}
{"timestamp": "2026-06-01T08:50:50.383577+00:00", "level": "INFO", "message": "браузер_остановлен", "logger": "browser", "trace_id": "8c1245cf8f0f"}
{"timestamp": "2026-06-01T08:50:53.818973+00:00", "level": "INFO", "message": "страница_обработана", "logger": "scraper", "trace_id": "8c1245cf8f0f", "context": {"url_index": 1, "page": 4, "found": 49, "total_so_far": 195}}
{"timestamp": "2026-06-01T08:50:53.886482+00:00", "level": "DEBUG", "message": "dom_очищен", "logger": "scraper", "trace_id": "8c1245cf8f0f", "context": {"removed_elements": 50}}
{"timestamp": "2026-06-01T08:50:55.152365+00:00", "level": "DEBUG", "message": "клик_далее_выполнен", "logger": "scraper", "trace_id": "8c1245cf8f0f"}
{"timestamp": "2026-06-01T08:51:08.383913+00:00", "level": "INFO", "message": "переход_на_следующую_страницу_выполнен", "logger": "scraper", "trace_id": "8c1245cf8f0f"}
{"timestamp": "2026-06-01T08:51:08.384080+00:00", "level": "INFO", "message": "парсинг_страницы", "logger": "scraper", "trace_id": "8c1245cf8f0f", "context": {"url_index": 1, "page": 5, "remaining": 329}}
{"timestamp": "2026-06-01T08:51:31.946251+00:00", "level": "INFO", "message": "переход_на_следующую_страницу_выполнен", "logger": "scraper", "trace_id": "8c1245cf8f0f"}
{"timestamp": "2026-06-01T08:51:31.946451+00:00", "level": "INFO", "message": "парсинг_страницы", "logger": "scraper", "trace_id": "8c1245cf8f0f", "context": {"url_index": 1, "page": 5, "remaining": 329}}
{"timestamp": "2026-06-01T08:51:42.479295+00:00", "level": "INFO", "message": "страница_обработана", "logger": "scraper", "trace_id": "8c1245cf8f0f", "context": {"url_index": 1, "page": 5, "found": 49, "total_so_far": 240}}
{"timestamp": "2026-06-01T08:51:42.544021+00:00", "level": "DEBUG", "message": "dom_очищен", "logger": "scraper", "trace_id": "8c1245cf8f0f", "context": {"removed_elements": 50}}
{"timestamp": "2026-06-01T08:51:43.755026+00:00", "level": "DEBUG", "message": "клик_далее_выполнен", "logger": "scraper", "trace_id": "8c1245cf8f0f"}
{"timestamp": "2026-06-01T08:52:05.983302+00:00", "level": "INFO", "message": "страница_обработана", "logger": "scraper", "trace_id": "8c1245cf8f0f", "context": {"url_index": 1, "page": 5, "found": 50, "total_so_far": 245}}
{"timestamp": "2026-06-01T08:52:06.040375+00:00", "level": "DEBUG", "message": "dom_очищен", "logger": "scraper", "trace_id": "8c1245cf8f0f", "context": {"removed_elements": 50}}
{"timestamp": "2026-06-01T08:52:07.216264+00:00", "level": "DEBUG", "message": "клик_далее_выполнен", "logger": "scraper", "trace_id": "8c1245cf8f0f"}
{"timestamp": "2026-06-01T08:52:20.653433+00:00", "level": "INFO", "message": "переход_на_следующую_страницу_выполнен", "logger": "scraper", "trace_id": "8c1245cf8f0f"}
{"timestamp": "2026-06-01T08:52:20.653968+00:00", "level": "INFO", "message": "парсинг_страницы", "logger": "scraper", "trace_id": "8c1245cf8f0f", "context": {"url_index": 1, "page": 6, "remaining": 328}}
{"timestamp": "2026-06-01T08:52:44.636716+00:00", "level": "INFO", "message": "переход_на_следующую_страницу_выполнен", "logger": "scraper", "trace_id": "8c1245cf8f0f"}
{"timestamp": "2026-06-01T08:52:44.636903+00:00", "level": "INFO", "message": "парсинг_страницы", "logger": "scraper", "trace_id": "8c1245cf8f0f", "context": {"url_index": 1, "page": 6, "remaining": 328}}
{"timestamp": "2026-06-01T08:52:53.323454+00:00", "level": "INFO", "message": "страница_обработана", "logger": "scraper", "trace_id": "8c1245cf8f0f", "context": {"url_index": 1, "page": 6, "found": 43, "total_so_far": 283}}
{"timestamp": "2026-06-01T08:52:53.390599+00:00", "level": "DEBUG", "message": "dom_очищен", "logger": "scraper", "trace_id": "8c1245cf8f0f", "context": {"removed_elements": 50}}
{"timestamp": "2026-06-01T08:52:54.585628+00:00", "level": "DEBUG", "message": "клик_далее_выполнен", "logger": "scraper", "trace_id": "8c1245cf8f0f"}
{"timestamp": "2026-06-01T08:53:19.983655+00:00", "level": "INFO", "message": "страница_обработана", "logger": "scraper", "trace_id": "8c1245cf8f0f", "context": {"url_index": 1, "page": 6, "found": 49, "total_so_far": 294}}
{"timestamp": "2026-06-01T08:53:20.057712+00:00", "level": "DEBUG", "message": "dom_очищен", "logger": "scraper", "trace_id": "8c1245cf8f0f", "context": {"removed_elements": 50}}
{"timestamp": "2026-06-01T08:53:21.246631+00:00", "level": "DEBUG", "message": "клик_далее_выполнен", "logger": "scraper", "trace_id": "8c1245cf8f0f"}
{"timestamp": "2026-06-01T08:53:31.065284+00:00", "level": "INFO", "message": "переход_на_следующую_страницу_выполнен", "logger": "scraper", "trace_id": "8c1245cf8f0f"}
{"timestamp": "2026-06-01T08:53:31.065635+00:00", "level": "INFO", "message": "парсинг_страницы", "logger": "scraper", "trace_id": "8c1245cf8f0f", "context": {"url_index": 1, "page": 7, "remaining": 327}}
{"timestamp": "2026-06-01T08:53:56.712133+00:00", "level": "INFO", "message": "переход_на_следующую_страницу_выполнен", "logger": "scraper", "trace_id": "8c1245cf8f0f"}
{"timestamp": "2026-06-01T08:53:56.713085+00:00", "level": "INFO", "message": "парсинг_страницы", "logger": "scraper", "trace_id": "8c1245cf8f0f", "context": {"url_index": 1, "page": 7, "remaining": 327}}
{"timestamp": "2026-06-01T08:54:08.521287+00:00", "level": "INFO", "message": "страница_обработана", "logger": "scraper", "trace_id": "8c1245cf8f0f", "context": {"url_index": 1, "page": 7, "found": 49, "total_so_far": 332}}
{"timestamp": "2026-06-01T08:54:08.618560+00:00", "level": "DEBUG", "message": "dom_очищен", "logger": "scraper", "trace_id": "8c1245cf8f0f", "context": {"removed_elements": 50}}
{"timestamp": "2026-06-01T08:54:09.843172+00:00", "level": "DEBUG", "message": "клик_далее_выполнен", "logger": "scraper", "trace_id": "8c1245cf8f0f"}
{"timestamp": "2026-06-01T08:54:34.324306+00:00", "level": "INFO", "message": "страница_обработана", "logger": "scraper", "trace_id": "8c1245cf8f0f", "context": {"url_index": 1, "page": 7, "found": 49, "total_so_far": 343}}
{"timestamp": "2026-06-01T08:54:34.370776+00:00", "level": "DEBUG", "message": "dom_очищен", "logger": "scraper", "trace_id": "8c1245cf8f0f", "context": {"removed_elements": 50}}
{"timestamp": "2026-06-01T08:54:35.563782+00:00", "level": "DEBUG", "message": "клик_далее_выполнен", "logger": "scraper", "trace_id": "8c1245cf8f0f"}
{"timestamp": "2026-06-01T08:54:46.213042+00:00", "level": "INFO", "message": "переход_на_следующую_страницу_выполнен", "logger": "scraper", "trace_id": "8c1245cf8f0f"}
{"timestamp": "2026-06-01T08:54:46.213300+00:00", "level": "INFO", "message": "парсинг_страницы", "logger": "scraper", "trace_id": "8c1245cf8f0f", "context": {"url_index": 1, "page": 8, "remaining": 326}}
{"timestamp": "2026-06-01T08:55:11.656755+00:00", "level": "INFO", "message": "переход_на_следующую_страницу_выполнен", "logger": "scraper", "trace_id": "8c1245cf8f0f"}
{"timestamp": "2026-06-01T08:55:11.657042+00:00", "level": "INFO", "message": "парсинг_страницы", "logger": "scraper", "trace_id": "8c1245cf8f0f", "context": {"url_index": 1, "page": 8, "remaining": 326}}
{"timestamp": "2026-06-01T08:55:23.087596+00:00", "level": "INFO", "message": "страница_обработана", "logger": "scraper", "trace_id": "8c1245cf8f0f", "context": {"url_index": 1, "page": 8, "found": 47, "total_so_far": 379}}
{"timestamp": "2026-06-01T08:55:23.149759+00:00", "level": "DEBUG", "message": "dom_очищен", "logger": "scraper", "trace_id": "8c1245cf8f0f", "context": {"removed_elements": 50}}
{"timestamp": "2026-06-01T08:55:24.336351+00:00", "level": "DEBUG", "message": "клик_далее_выполнен", "logger": "scraper", "trace_id": "8c1245cf8f0f"}
{"timestamp": "2026-06-01T08:55:44.585153+00:00", "level": "INFO", "message": "страница_обработана", "logger": "scraper", "trace_id": "8c1245cf8f0f", "context": {"url_index": 1, "page": 8, "found": 48, "total_so_far": 391}}
{"timestamp": "2026-06-01T08:55:44.624284+00:00", "level": "DEBUG", "message": "dom_очищен", "logger": "scraper", "trace_id": "8c1245cf8f0f", "context": {"removed_elements": 50}}
{"timestamp": "2026-06-01T08:55:45.782513+00:00", "level": "DEBUG", "message": "клик_далее_выполнен", "logger": "scraper", "trace_id": "8c1245cf8f0f"}
{"timestamp": "2026-06-01T08:56:02.158118+00:00", "level": "INFO", "message": "переход_на_следующую_страницу_выполнен", "logger": "scraper", "trace_id": "8c1245cf8f0f"}
{"timestamp": "2026-06-01T08:56:02.158562+00:00", "level": "INFO", "message": "парсинг_страницы", "logger": "scraper", "trace_id": "8c1245cf8f0f", "context": {"url_index": 1, "page": 9, "remaining": 325}}
{"timestamp": "2026-06-01T08:56:21.626612+00:00", "level": "INFO", "message": "переход_на_следующую_страницу_выполнен", "logger": "scraper", "trace_id": "8c1245cf8f0f"}
{"timestamp": "2026-06-01T08:56:21.627310+00:00", "level": "INFO", "message": "парсинг_страницы", "logger": "scraper", "trace_id": "8c1245cf8f0f", "context": {"url_index": 1, "page": 9, "remaining": 325}}
{"timestamp": "2026-06-01T08:56:38.126867+00:00", "level": "INFO", "message": "страница_обработана", "logger": "scraper", "trace_id": "8c1245cf8f0f", "context": {"url_index": 1, "page": 9, "found": 46, "total_so_far": 425}}
{"timestamp": "2026-06-01T08:56:38.200287+00:00", "level": "DEBUG", "message": "dom_очищен", "logger": "scraper", "trace_id": "8c1245cf8f0f", "context": {"removed_elements": 50}}
{"timestamp": "2026-06-01T08:56:39.394412+00:00", "level": "DEBUG", "message": "клик_далее_выполнен", "logger": "scraper", "trace_id": "8c1245cf8f0f"}
{"timestamp": "2026-06-01T08:56:56.984209+00:00", "level": "INFO", "message": "страница_обработана", "logger": "scraper", "trace_id": "8c1245cf8f0f", "context": {"url_index": 1, "page": 9, "found": 50, "total_so_far": 441}}
{"timestamp": "2026-06-01T08:56:57.083276+00:00", "level": "DEBUG", "message": "dom_очищен", "logger": "scraper", "trace_id": "8c1245cf8f0f", "context": {"removed_elements": 50}}
{"timestamp": "2026-06-01T08:56:58.316978+00:00", "level": "DEBUG", "message": "клик_далее_выполнен", "logger": "scraper", "trace_id": "8c1245cf8f0f"}
{"timestamp": "2026-06-01T08:57:16.921739+00:00", "level": "INFO", "message": "переход_на_следующую_страницу_выполнен", "logger": "scraper", "trace_id": "8c1245cf8f0f"}
{"timestamp": "2026-06-01T08:57:16.922699+00:00", "level": "INFO", "message": "парсинг_страницы", "logger": "scraper", "trace_id": "8c1245cf8f0f", "context": {"url_index": 1, "page": 10, "remaining": 324}}
{"timestamp": "2026-06-01T08:57:33.823612+00:00", "level": "INFO", "message": "переход_на_следующую_страницу_выполнен", "logger": "scraper", "trace_id": "8c1245cf8f0f"}
{"timestamp": "2026-06-01T08:57:33.824077+00:00", "level": "INFO", "message": "парсинг_страницы", "logger": "scraper", "trace_id": "8c1245cf8f0f", "context": {"url_index": 1, "page": 10, "remaining": 324}}
{"timestamp": "2026-06-01T08:57:50.612607+00:00", "level": "INFO", "message": "страница_обработана", "logger": "scraper", "trace_id": "8c1245cf8f0f", "context": {"url_index": 1, "page": 10, "found": 47, "total_so_far": 472}}
{"timestamp": "2026-06-01T08:57:50.686652+00:00", "level": "DEBUG", "message": "dom_очищен", "logger": "scraper", "trace_id": "8c1245cf8f0f", "context": {"removed_elements": 50}}
{"timestamp": "2026-06-01T08:57:51.900018+00:00", "level": "DEBUG", "message": "клик_далее_выполнен", "logger": "scraper", "trace_id": "8c1245cf8f0f"}
{"timestamp": "2026-06-01T08:58:09.610796+00:00", "level": "INFO", "message": "страница_обработана", "logger": "scraper", "trace_id": "8c1245cf8f0f", "context": {"url_index": 1, "page": 10, "found": 50, "total_so_far": 491}}
{"timestamp": "2026-06-01T08:58:09.649052+00:00", "level": "DEBUG", "message": "dom_очищен", "logger": "scraper", "trace_id": "8c1245cf8f0f", "context": {"removed_elements": 50}}
{"timestamp": "2026-06-01T08:58:10.810937+00:00", "level": "DEBUG", "message": "клик_далее_выполнен", "logger": "scraper", "trace_id": "8c1245cf8f0f"}
{"timestamp": "2026-06-01T08:58:28.238909+00:00", "level": "INFO", "message": "переход_на_следующую_страницу_выполнен", "logger": "scraper", "trace_id": "8c1245cf8f0f"}
{"timestamp": "2026-06-01T08:58:28.239425+00:00", "level": "INFO", "message": "парсинг_страницы", "logger": "scraper", "trace_id": "8c1245cf8f0f", "context": {"url_index": 1, "page": 11, "remaining": 323}}
{"timestamp": "2026-06-01T08:58:47.962455+00:00", "level": "INFO", "message": "переход_на_следующую_страницу_выполнен", "logger": "scraper", "trace_id": "8c1245cf8f0f"}
{"timestamp": "2026-06-01T08:58:47.962868+00:00", "level": "INFO", "message": "парсинг_страницы", "logger": "scraper", "trace_id": "8c1245cf8f0f", "context": {"url_index": 1, "page": 11, "remaining": 323}}
{"timestamp": "2026-06-01T08:58:58.925149+00:00", "level": "INFO", "message": "страница_обработана", "logger": "scraper", "trace_id": "8c1245cf8f0f", "context": {"url_index": 1, "page": 11, "found": 46, "total_so_far": 518}}
{"timestamp": "2026-06-01T08:58:59.018190+00:00", "level": "DEBUG", "message": "dom_очищен", "logger": "scraper", "trace_id": "8c1245cf8f0f", "context": {"removed_elements": 50}}
{"timestamp": "2026-06-01T08:59:00.318822+00:00", "level": "DEBUG", "message": "клик_далее_выполнен", "logger": "scraper", "trace_id": "8c1245cf8f0f"}
{"timestamp": "2026-06-01T08:59:23.335362+00:00", "level": "INFO", "message": "страница_обработана", "logger": "scraper", "trace_id": "8c1245cf8f0f", "context": {"url_index": 1, "page": 11, "found": 47, "total_so_far": 538}}
{"timestamp": "2026-06-01T08:59:23.375544+00:00", "level": "DEBUG", "message": "dom_очищен", "logger": "scraper", "trace_id": "8c1245cf8f0f", "context": {"removed_elements": 50}}
{"timestamp": "2026-06-01T08:59:24.535719+00:00", "level": "DEBUG", "message": "клик_далее_выполнен", "logger": "scraper", "trace_id": "8c1245cf8f0f"}
{"timestamp": "2026-06-01T08:59:36.830323+00:00", "level": "INFO", "message": "переход_на_следующую_страницу_выполнен", "logger": "scraper", "trace_id": "8c1245cf8f0f"}
{"timestamp": "2026-06-01T08:59:36.830502+00:00", "level": "INFO", "message": "парсинг_страницы", "logger": "scraper", "trace_id": "8c1245cf8f0f", "context": {"url_index": 1, "page": 12, "remaining": 322}}
{"timestamp": "2026-06-01T09:00:02.487786+00:00", "level": "INFO", "message": "переход_на_следующую_страницу_выполнен", "logger": "scraper", "trace_id": "8c1245cf8f0f"}
{"timestamp": "2026-06-01T09:00:02.488110+00:00", "level": "INFO", "message": "парсинг_страницы", "logger": "scraper", "trace_id": "8c1245cf8f0f", "context": {"url_index": 1, "page": 12, "remaining": 322}}
{"timestamp": "2026-06-01T09:00:17.387216+00:00", "level": "INFO", "message": "страница_обработана", "logger": "scraper", "trace_id": "8c1245cf8f0f", "context": {"url_index": 1, "page": 12, "found": 46, "total_so_far": 564}}
{"timestamp": "2026-06-01T09:00:17.464244+00:00", "level": "DEBUG", "message": "dom_очищен", "logger": "scraper", "trace_id": "8c1245cf8f0f", "context": {"removed_elements": 50}}
{"timestamp": "2026-06-01T09:00:18.695340+00:00", "level": "DEBUG", "message": "клик_далее_выполнен", "logger": "scraper", "trace_id": "8c1245cf8f0f"}
{"timestamp": "2026-06-01T09:00:39.820710+00:00", "level": "INFO", "message": "страница_обработана", "logger": "scraper", "trace_id": "8c1245cf8f0f", "context": {"url_index": 1, "page": 12, "found": 48, "total_so_far": 586}}
{"timestamp": "2026-06-01T09:00:39.856588+00:00", "level": "DEBUG", "message": "dom_очищен", "logger": "scraper", "trace_id": "8c1245cf8f0f", "context": {"removed_elements": 50}}
{"timestamp": "2026-06-01T09:00:41.007133+00:00", "level": "DEBUG", "message": "клик_далее_выполнен", "logger": "scraper", "trace_id": "8c1245cf8f0f"}
{"timestamp": "2026-06-01T09:00:55.413303+00:00", "level": "INFO", "message": "переход_на_следующую_страницу_выполнен", "logger": "scraper", "trace_id": "8c1245cf8f0f"}
{"timestamp": "2026-06-01T09:00:55.414072+00:00", "level": "INFO", "message": "парсинг_страницы", "logger": "scraper", "trace_id": "8c1245cf8f0f", "context": {"url_index": 1, "page": 13, "remaining": 321}}
{"timestamp": "2026-06-01T09:01:17.392224+00:00", "level": "INFO", "message": "переход_на_следующую_страницу_выполнен", "logger": "scraper", "trace_id": "8c1245cf8f0f"}
{"timestamp": "2026-06-01T09:01:17.392948+00:00", "level": "INFO", "message": "парсинг_страницы", "logger": "scraper", "trace_id": "8c1245cf8f0f", "context": {"url_index": 1, "page": 13, "remaining": 321}}
{"timestamp": "2026-06-01T09:01:28.768093+00:00", "level": "INFO", "message": "страница_обработана", "logger": "scraper", "trace_id": "8c1245cf8f0f", "context": {"url_index": 1, "page": 13, "found": 46, "total_so_far": 610}}
{"timestamp": "2026-06-01T09:01:28.865727+00:00", "level": "DEBUG", "message": "dom_очищен", "logger": "scraper", "trace_id": "8c1245cf8f0f", "context": {"removed_elements": 50}}
{"timestamp": "2026-06-01T09:01:30.117165+00:00", "level": "DEBUG", "message": "клик_далее_выполнен", "logger": "scraper", "trace_id": "8c1245cf8f0f"}
{"timestamp": "2026-06-01T09:01:50.627175+00:00", "level": "INFO", "message": "страница_обработана", "logger": "scraper", "trace_id": "8c1245cf8f0f", "context": {"url_index": 1, "page": 13, "found": 49, "total_so_far": 635}}
{"timestamp": "2026-06-01T09:01:50.658322+00:00", "level": "DEBUG", "message": "dom_очищен", "logger": "scraper", "trace_id": "8c1245cf8f0f", "context": {"removed_elements": 50}}
{"timestamp": "2026-06-01T09:01:51.806953+00:00", "level": "DEBUG", "message": "клик_далее_выполнен", "logger": "scraper", "trace_id": "8c1245cf8f0f"}
{"timestamp": "2026-06-01T09:02:07.176022+00:00", "level": "INFO", "message": "переход_на_следующую_страницу_выполнен", "logger": "scraper", "trace_id": "8c1245cf8f0f"}
{"timestamp": "2026-06-01T09:02:07.176207+00:00", "level": "INFO", "message": "парсинг_страницы", "logger": "scraper", "trace_id": "8c1245cf8f0f", "context": {"url_index": 1, "page": 14, "remaining": 320}}
{"timestamp": "2026-06-01T09:02:27.659675+00:00", "level": "INFO", "message": "переход_на_следующую_страницу_выполнен", "logger": "scraper", "trace_id": "8c1245cf8f0f"}
{"timestamp": "2026-06-01T09:02:27.661249+00:00", "level": "INFO", "message": "парсинг_страницы", "logger": "scraper", "trace_id": "8c1245cf8f0f", "context": {"url_index": 1, "page": 14, "remaining": 320}}
{"timestamp": "2026-06-01T09:02:39.529676+00:00", "level": "INFO", "message": "страница_обработана", "logger": "scraper", "trace_id": "8c1245cf8f0f", "context": {"url_index": 1, "page": 14, "found": 47, "total_so_far": 657}}
{"timestamp": "2026-06-01T09:02:39.612711+00:00", "level": "DEBUG", "message": "dom_очищен", "logger": "scraper", "trace_id": "8c1245cf8f0f", "context": {"removed_elements": 50}}
{"timestamp": "2026-06-01T09:02:40.806390+00:00", "level": "DEBUG", "message": "клик_далее_выполнен", "logger": "scraper", "trace_id": "8c1245cf8f0f"}
{"timestamp": "2026-06-01T09:03:00.645311+00:00", "level": "INFO", "message": "страница_обработана", "logger": "scraper", "trace_id": "8c1245cf8f0f", "context": {"url_index": 1, "page": 14, "found": 48, "total_so_far": 683}}
{"timestamp": "2026-06-01T09:03:00.685304+00:00", "level": "DEBUG", "message": "dom_очищен", "logger": "scraper", "trace_id": "8c1245cf8f0f", "context": {"removed_elements": 50}}
{"timestamp": "2026-06-01T09:03:01.828210+00:00", "level": "DEBUG", "message": "клик_далее_выполнен", "logger": "scraper", "trace_id": "8c1245cf8f0f"}
{"timestamp": "2026-06-01T09:03:18.656675+00:00", "level": "INFO", "message": "переход_на_следующую_страницу_выполнен", "logger": "scraper", "trace_id": "8c1245cf8f0f"}
{"timestamp": "2026-06-01T09:03:18.657034+00:00", "level": "INFO", "message": "парсинг_страницы", "logger": "scraper", "trace_id": "8c1245cf8f0f", "context": {"url_index": 1, "page": 15, "remaining": 319}}
{"timestamp": "2026-06-01T09:03:37.012674+00:00", "level": "INFO", "message": "переход_на_следующую_страницу_выполнен", "logger": "scraper", "trace_id": "8c1245cf8f0f"}
{"timestamp": "2026-06-01T09:03:37.013058+00:00", "level": "INFO", "message": "парсинг_страницы", "logger": "scraper", "trace_id": "8c1245cf8f0f", "context": {"url_index": 1, "page": 15, "remaining": 319}}
{"timestamp": "2026-06-01T09:03:53.435634+00:00", "level": "INFO", "message": "страница_обработана", "logger": "scraper", "trace_id": "8c1245cf8f0f", "context": {"url_index": 1, "page": 15, "found": 49, "total_so_far": 706}}
{"timestamp": "2026-06-01T09:03:53.494312+00:00", "level": "DEBUG", "message": "dom_очищен", "logger": "scraper", "trace_id": "8c1245cf8f0f", "context": {"removed_elements": 50}}
{"timestamp": "2026-06-01T09:03:54.707820+00:00", "level": "DEBUG", "message": "клик_далее_выполнен", "logger": "scraper", "trace_id": "8c1245cf8f0f"}
{"timestamp": "2026-06-01T09:04:11.279138+00:00", "level": "INFO", "message": "страница_обработана", "logger": "scraper", "trace_id": "8c1245cf8f0f", "context": {"url_index": 1, "page": 15, "found": 47, "total_so_far": 730}}
{"timestamp": "2026-06-01T09:04:11.321174+00:00", "level": "DEBUG", "message": "dom_очищен", "logger": "scraper", "trace_id": "8c1245cf8f0f", "context": {"removed_elements": 50}}
{"timestamp": "2026-06-01T09:04:12.510160+00:00", "level": "DEBUG", "message": "клик_далее_выполнен", "logger": "scraper", "trace_id": "8c1245cf8f0f"}
{"timestamp": "2026-06-01T09:04:30.750199+00:00", "level": "INFO", "message": "переход_на_следующую_страницу_выполнен", "logger": "scraper", "trace_id": "8c1245cf8f0f"}
{"timestamp": "2026-06-01T09:04:30.750701+00:00", "level": "INFO", "message": "парсинг_страницы", "logger": "scraper", "trace_id": "8c1245cf8f0f", "context": {"url_index": 1, "page": 16, "remaining": 318}}
{"timestamp": "2026-06-01T09:04:50.423825+00:00", "level": "INFO", "message": "переход_на_следующую_страницу_выполнен", "logger": "scraper", "trace_id": "8c1245cf8f0f"}
{"timestamp": "2026-06-01T09:04:50.424035+00:00", "level": "INFO", "message": "парсинг_страницы", "logger": "scraper", "trace_id": "8c1245cf8f0f", "context": {"url_index": 1, "page": 16, "remaining": 318}}
{"timestamp": "2026-06-01T09:05:06.825562+00:00", "level": "INFO", "message": "страница_обработана", "logger": "scraper", "trace_id": "8c1245cf8f0f", "context": {"url_index": 1, "page": 16, "found": 44, "total_so_far": 750}}
{"timestamp": "2026-06-01T09:05:06.910483+00:00", "level": "DEBUG", "message": "dom_очищен", "logger": "scraper", "trace_id": "8c1245cf8f0f", "context": {"removed_elements": 50}}
{"timestamp": "2026-06-01T09:05:08.131777+00:00", "level": "DEBUG", "message": "клик_далее_выполнен", "logger": "scraper", "trace_id": "8c1245cf8f0f"}
{"timestamp": "2026-06-01T09:05:27.090768+00:00", "level": "INFO", "message": "страница_обработана", "logger": "scraper", "trace_id": "8c1245cf8f0f", "context": {"url_index": 1, "page": 16, "found": 50, "total_so_far": 780}}
{"timestamp": "2026-06-01T09:05:27.144597+00:00", "level": "DEBUG", "message": "dom_очищен", "logger": "scraper", "trace_id": "8c1245cf8f0f", "context": {"removed_elements": 50}}
{"timestamp": "2026-06-01T09:05:28.347969+00:00", "level": "DEBUG", "message": "клик_далее_выполнен", "logger": "scraper", "trace_id": "8c1245cf8f0f"}
{"timestamp": "2026-06-01T09:05:44.063804+00:00", "level": "INFO", "message": "переход_на_следующую_страницу_выполнен", "logger": "scraper", "trace_id": "8c1245cf8f0f"}
{"timestamp": "2026-06-01T09:05:44.064043+00:00", "level": "INFO", "message": "парсинг_страницы", "logger": "scraper", "trace_id": "8c1245cf8f0f", "context": {"url_index": 1, "page": 17, "remaining": 317}}
{"timestamp": "2026-06-01T09:06:05.050431+00:00", "level": "INFO", "message": "переход_на_следующую_страницу_выполнен", "logger": "scraper", "trace_id": "8c1245cf8f0f"}
{"timestamp": "2026-06-01T09:06:05.051351+00:00", "level": "INFO", "message": "парсинг_страницы", "logger": "scraper", "trace_id": "8c1245cf8f0f", "context": {"url_index": 1, "page": 17, "remaining": 317}}
{"timestamp": "2026-06-01T09:06:21.436789+00:00", "level": "INFO", "message": "страница_обработана", "logger": "scraper", "trace_id": "8c1245cf8f0f", "context": {"url_index": 1, "page": 17, "found": 48, "total_so_far": 798}}
{"timestamp": "2026-06-01T09:06:21.508602+00:00", "level": "DEBUG", "message": "dom_очищен", "logger": "scraper", "trace_id": "8c1245cf8f0f", "context": {"removed_elements": 50}}
{"timestamp": "2026-06-01T09:06:22.740093+00:00", "level": "DEBUG", "message": "клик_далее_выполнен", "logger": "scraper", "trace_id": "8c1245cf8f0f"}
{"timestamp": "2026-06-01T09:06:39.754082+00:00", "level": "INFO", "message": "страница_обработана", "logger": "scraper", "trace_id": "8c1245cf8f0f", "context": {"url_index": 1, "page": 17, "found": 50, "total_so_far": 830}}
{"timestamp": "2026-06-01T09:06:39.784678+00:00", "level": "DEBUG", "message": "dom_очищен", "logger": "scraper", "trace_id": "8c1245cf8f0f", "context": {"removed_elements": 50}}
{"timestamp": "2026-06-01T09:06:40.950368+00:00", "level": "DEBUG", "message": "клик_далее_выполнен", "logger": "scraper", "trace_id": "8c1245cf8f0f"}
{"timestamp": "2026-06-01T09:06:59.801039+00:00", "level": "INFO", "message": "переход_на_следующую_страницу_выполнен", "logger": "scraper", "trace_id": "8c1245cf8f0f"}
{"timestamp": "2026-06-01T09:06:59.801485+00:00", "level": "INFO", "message": "парсинг_страницы", "logger": "scraper", "trace_id": "8c1245cf8f0f", "context": {"url_index": 1, "page": 18, "remaining": 316}}
{"timestamp": "2026-06-01T09:07:16.943466+00:00", "level": "INFO", "message": "переход_на_следующую_страницу_выполнен", "logger": "scraper", "trace_id": "8c1245cf8f0f"}
{"timestamp": "2026-06-01T09:07:16.944660+00:00", "level": "INFO", "message": "парсинг_страницы", "logger": "scraper", "trace_id": "8c1245cf8f0f", "context": {"url_index": 1, "page": 18, "remaining": 316}}
{"timestamp": "2026-06-01T09:07:35.549981+00:00", "level": "INFO", "message": "страница_обработана", "logger": "scraper", "trace_id": "8c1245cf8f0f", "context": {"url_index": 1, "page": 18, "found": 48, "total_so_far": 846}}
{"timestamp": "2026-06-01T09:07:35.622823+00:00", "level": "DEBUG", "message": "dom_очищен", "logger": "scraper", "trace_id": "8c1245cf8f0f", "context": {"removed_elements": 50}}
{"timestamp": "2026-06-01T09:07:37.204153+00:00", "level": "DEBUG", "message": "клик_далее_выполнен", "logger": "scraper", "trace_id": "8c1245cf8f0f"}
{"timestamp": "2026-06-01T09:07:55.592248+00:00", "level": "INFO", "message": "страница_обработана", "logger": "scraper", "trace_id": "8c1245cf8f0f", "context": {"url_index": 1, "page": 18, "found": 49, "total_so_far": 879}}
{"timestamp": "2026-06-01T09:07:55.634412+00:00", "level": "DEBUG", "message": "dom_очищен", "logger": "scraper", "trace_id": "8c1245cf8f0f", "context": {"removed_elements": 50}}
{"timestamp": "2026-06-01T09:07:56.802685+00:00", "level": "DEBUG", "message": "клик_далее_выполнен", "logger": "scraper", "trace_id": "8c1245cf8f0f"}
{"timestamp": "2026-06-01T09:08:14.325389+00:00", "level": "INFO", "message": "переход_на_следующую_страницу_выполнен", "logger": "scraper", "trace_id": "8c1245cf8f0f"}
{"timestamp": "2026-06-01T09:08:14.325846+00:00", "level": "INFO", "message": "парсинг_страницы", "logger": "scraper", "trace_id": "8c1245cf8f0f", "context": {"url_index": 1, "page": 19, "remaining": 315}}
{"timestamp": "2026-06-01T09:08:32.605754+00:00", "level": "INFO", "message": "переход_на_следующую_страницу_выполнен", "logger": "scraper", "trace_id": "8c1245cf8f0f"}
{"timestamp": "2026-06-01T09:08:32.606007+00:00", "level": "INFO", "message": "парсинг_страницы", "logger": "scraper", "trace_id": "8c1245cf8f0f", "context": {"url_index": 1, "page": 19, "remaining": 315}}
{"timestamp": "2026-06-01T09:08:48.494958+00:00", "level": "INFO", "message": "страница_обработана", "logger": "scraper", "trace_id": "8c1245cf8f0f", "context": {"url_index": 1, "page": 19, "found": 45, "total_so_far": 891}}
{"timestamp": "2026-06-01T09:08:48.560730+00:00", "level": "DEBUG", "message": "dom_очищен", "logger": "scraper", "trace_id": "8c1245cf8f0f", "context": {"removed_elements": 50}}
{"timestamp": "2026-06-01T09:08:49.740030+00:00", "level": "DEBUG", "message": "клик_далее_выполнен", "logger": "scraper", "trace_id": "8c1245cf8f0f"}
{"timestamp": "2026-06-01T09:09:10.043672+00:00", "level": "INFO", "message": "страница_обработана", "logger": "scraper", "trace_id": "8c1245cf8f0f", "context": {"url_index": 1, "page": 19, "found": 49, "total_so_far": 928}}
{"timestamp": "2026-06-01T09:09:10.094450+00:00", "level": "DEBUG", "message": "dom_очищен", "logger": "scraper", "trace_id": "8c1245cf8f0f", "context": {"removed_elements": 50}}
{"timestamp": "2026-06-01T09:09:11.263018+00:00", "level": "DEBUG", "message": "клик_далее_выполнен", "logger": "scraper", "trace_id": "8c1245cf8f0f"}
{"timestamp": "2026-06-01T09:09:27.261608+00:00", "level": "INFO", "message": "переход_на_следующую_страницу_выполнен", "logger": "scraper", "trace_id": "8c1245cf8f0f"}
{"timestamp": "2026-06-01T09:09:27.262078+00:00", "level": "INFO", "message": "парсинг_страницы", "logger": "scraper", "trace_id": "8c1245cf8f0f", "context": {"url_index": 1, "page": 20, "remaining": 314}}
{"timestamp": "2026-06-01T09:09:47.579344+00:00", "level": "INFO", "message": "переход_на_следующую_страницу_выполнен", "logger": "scraper", "trace_id": "8c1245cf8f0f"}
{"timestamp": "2026-06-01T09:09:47.579478+00:00", "level": "INFO", "message": "парсинг_страницы", "logger": "scraper", "trace_id": "8c1245cf8f0f", "context": {"url_index": 1, "page": 20, "remaining": 314}}
{"timestamp": "2026-06-01T09:10:04.535480+00:00", "level": "INFO", "message": "страница_обработана", "logger": "scraper", "trace_id": "8c1245cf8f0f", "context": {"url_index": 1, "page": 20, "found": 49, "total_so_far": 940}}
{"timestamp": "2026-06-01T09:10:04.603560+00:00", "level": "DEBUG", "message": "dom_очищен", "logger": "scraper", "trace_id": "8c1245cf8f0f", "context": {"removed_elements": 50}}
{"timestamp": "2026-06-01T09:10:05.837569+00:00", "level": "DEBUG", "message": "клик_далее_выполнен", "logger": "scraper", "trace_id": "8c1245cf8f0f"}
{"timestamp": "2026-06-01T09:10:25.855929+00:00", "level": "INFO", "message": "страница_обработана", "logger": "scraper", "trace_id": "8c1245cf8f0f", "context": {"url_index": 1, "page": 20, "found": 49, "total_so_far": 977}}
{"timestamp": "2026-06-01T09:10:25.905329+00:00", "level": "DEBUG", "message": "dom_очищен", "logger": "scraper", "trace_id": "8c1245cf8f0f", "context": {"removed_elements": 50}}
{"timestamp": "2026-06-01T09:10:27.146779+00:00", "level": "DEBUG", "message": "клик_далее_выполнен", "logger": "scraper", "trace_id": "8c1245cf8f0f"}
{"timestamp": "2026-06-01T09:10:43.476505+00:00", "level": "INFO", "message": "переход_на_следующую_страницу_выполнен", "logger": "scraper", "trace_id": "8c1245cf8f0f"}
{"timestamp": "2026-06-01T09:10:43.477384+00:00", "level": "INFO", "message": "парсинг_страницы", "logger": "scraper", "trace_id": "8c1245cf8f0f", "context": {"url_index": 1, "page": 21, "remaining": 313}}
{"timestamp": "2026-06-01T09:11:03.076375+00:00", "level": "INFO", "message": "переход_на_следующую_страницу_выполнен", "logger": "scraper", "trace_id": "8c1245cf8f0f"}
{"timestamp": "2026-06-01T09:11:03.077208+00:00", "level": "INFO", "message": "парсинг_страницы", "logger": "scraper", "trace_id": "8c1245cf8f0f", "context": {"url_index": 1, "page": 21, "remaining": 313}}
{"timestamp": "2026-06-01T09:11:21.454135+00:00", "level": "INFO", "message": "страница_обработана", "logger": "scraper", "trace_id": "8c1245cf8f0f", "context": {"url_index": 1, "page": 21, "found": 47, "total_so_far": 987}}
{"timestamp": "2026-06-01T09:11:21.534145+00:00", "level": "DEBUG", "message": "dom_очищен", "logger": "scraper", "trace_id": "8c1245cf8f0f", "context": {"removed_elements": 50}}
{"timestamp": "2026-06-01T09:11:22.743428+00:00", "level": "DEBUG", "message": "клик_далее_выполнен", "logger": "scraper", "trace_id": "8c1245cf8f0f"}
{"timestamp": "2026-06-01T09:11:39.318204+00:00", "level": "INFO", "message": "страница_обработана", "logger": "scraper", "trace_id": "8c1245cf8f0f", "context": {"url_index": 1, "page": 21, "found": 48, "total_so_far": 1025}}
{"timestamp": "2026-06-01T09:11:39.360240+00:00", "level": "DEBUG", "message": "dom_очищен", "logger": "scraper", "trace_id": "8c1245cf8f0f", "context": {"removed_elements": 50}}
{"timestamp": "2026-06-01T09:11:40.560004+00:00", "level": "DEBUG", "message": "клик_далее_выполнен", "logger": "scraper", "trace_id": "8c1245cf8f0f"}
{"timestamp": "2026-06-01T09:11:59.873845+00:00", "level": "INFO", "message": "переход_на_следующую_страницу_выполнен", "logger": "scraper", "trace_id": "8c1245cf8f0f"}
{"timestamp": "2026-06-01T09:11:59.874242+00:00", "level": "INFO", "message": "парсинг_страницы", "logger": "scraper", "trace_id": "8c1245cf8f0f", "context": {"url_index": 1, "page": 22, "remaining": 312}}
{"timestamp": "2026-06-01T09:12:16.343383+00:00", "level": "INFO", "message": "переход_на_следующую_страницу_выполнен", "logger": "scraper", "trace_id": "8c1245cf8f0f"}
{"timestamp": "2026-06-01T09:12:16.343511+00:00", "level": "INFO", "message": "парсинг_страницы", "logger": "scraper", "trace_id": "8c1245cf8f0f", "context": {"url_index": 1, "page": 22, "remaining": 312}}
{"timestamp": "2026-06-01T09:12:38.137959+00:00", "level": "INFO", "message": "страница_обработана", "logger": "scraper", "trace_id": "8c1245cf8f0f", "context": {"url_index": 1, "page": 22, "found": 48, "total_so_far": 1035}}
{"timestamp": "2026-06-01T09:12:38.226301+00:00", "level": "DEBUG", "message": "dom_очищен", "logger": "scraper", "trace_id": "8c1245cf8f0f", "context": {"removed_elements": 50}}
{"timestamp": "2026-06-01T09:12:39.528496+00:00", "level": "DEBUG", "message": "клик_далее_выполнен", "logger": "scraper", "trace_id": "8c1245cf8f0f"}
{"timestamp": "2026-06-01T09:12:54.670572+00:00", "level": "INFO", "message": "страница_обработана", "logger": "scraper", "trace_id": "8c1245cf8f0f", "context": {"url_index": 1, "page": 22, "found": 47, "total_so_far": 1072}}
{"timestamp": "2026-06-01T09:12:54.706669+00:00", "level": "DEBUG", "message": "dom_очищен", "logger": "scraper", "trace_id": "8c1245cf8f0f", "context": {"removed_elements": 50}}
{"timestamp": "2026-06-01T09:12:55.896333+00:00", "level": "DEBUG", "message": "клик_далее_выполнен", "logger": "scraper", "trace_id": "8c1245cf8f0f"}
{"timestamp": "2026-06-01T09:13:14.883417+00:00", "level": "INFO", "message": "переход_на_следующую_страницу_выполнен", "logger": "scraper", "trace_id": "8c1245cf8f0f"}
{"timestamp": "2026-06-01T09:13:14.883815+00:00", "level": "INFO", "message": "парсинг_страницы", "logger": "scraper", "trace_id": "8c1245cf8f0f", "context": {"url_index": 1, "page": 23, "remaining": 311}}
{"timestamp": "2026-06-01T09:13:31.418605+00:00", "level": "INFO", "message": "переход_на_следующую_страницу_выполнен", "logger": "scraper", "trace_id": "8c1245cf8f0f"}
{"timestamp": "2026-06-01T09:13:31.419118+00:00", "level": "INFO", "message": "парсинг_страницы", "logger": "scraper", "trace_id": "8c1245cf8f0f", "context": {"url_index": 1, "page": 23, "remaining": 311}}
{"timestamp": "2026-06-01T09:13:50.154741+00:00", "level": "INFO", "message": "страница_обработана", "logger": "scraper", "trace_id": "8c1245cf8f0f", "context": {"url_index": 1, "page": 23, "found": 48, "total_so_far": 1083}}
{"timestamp": "2026-06-01T09:13:50.217307+00:00", "level": "DEBUG", "message": "dom_очищен", "logger": "scraper", "trace_id": "8c1245cf8f0f", "context": {"removed_elements": 50}}
{"timestamp": "2026-06-01T09:13:51.470716+00:00", "level": "DEBUG", "message": "клик_далее_выполнен", "logger": "scraper", "trace_id": "8c1245cf8f0f"}
{"timestamp": "2026-06-01T09:14:08.673501+00:00", "level": "INFO", "message": "страница_обработана", "logger": "scraper", "trace_id": "8c1245cf8f0f", "context": {"url_index": 1, "page": 23, "found": 49, "total_so_far": 1121}}
{"timestamp": "2026-06-01T09:14:08.713178+00:00", "level": "DEBUG", "message": "dom_очищен", "logger": "scraper", "trace_id": "8c1245cf8f0f", "context": {"removed_elements": 50}}
{"timestamp": "2026-06-01T09:14:09.895365+00:00", "level": "DEBUG", "message": "клик_далее_выполнен", "logger": "scraper", "trace_id": "8c1245cf8f0f"}
{"timestamp": "2026-06-01T09:14:28.661953+00:00", "level": "INFO", "message": "переход_на_следующую_страницу_выполнен", "logger": "scraper", "trace_id": "8c1245cf8f0f"}
{"timestamp": "2026-06-01T09:14:28.662458+00:00", "level": "INFO", "message": "парсинг_страницы", "logger": "scraper", "trace_id": "8c1245cf8f0f", "context": {"url_index": 1, "page": 24, "remaining": 310}}
{"timestamp": "2026-06-01T09:14:47.376778+00:00", "level": "INFO", "message": "переход_на_следующую_страницу_выполнен", "logger": "scraper", "trace_id": "8c1245cf8f0f"}
{"timestamp": "2026-06-01T09:14:47.376983+00:00", "level": "INFO", "message": "парсинг_страницы", "logger": "scraper", "trace_id": "8c1245cf8f0f", "context": {"url_index": 1, "page": 24, "remaining": 310}}
{"timestamp": "2026-06-01T09:15:09.323611+00:00", "level": "INFO", "message": "страница_обработана", "logger": "scraper", "trace_id": "8c1245cf8f0f", "context": {"url_index": 1, "page": 24, "found": 45, "total_so_far": 1128}}
{"timestamp": "2026-06-01T09:15:09.408177+00:00", "level": "DEBUG", "message": "dom_очищен", "logger": "scraper", "trace_id": "8c1245cf8f0f", "context": {"removed_elements": 50}}
{"timestamp": "2026-06-01T09:15:10.616032+00:00", "level": "DEBUG", "message": "клик_далее_выполнен", "logger": "scraper", "trace_id": "8c1245cf8f0f"}
{"timestamp": "2026-06-01T09:15:27.231243+00:00", "level": "INFO", "message": "страница_обработана", "logger": "scraper", "trace_id": "8c1245cf8f0f", "context": {"url_index": 1, "page": 24, "found": 49, "total_so_far": 1170}}
{"timestamp": "2026-06-01T09:15:27.269468+00:00", "level": "DEBUG", "message": "dom_очищен", "logger": "scraper", "trace_id": "8c1245cf8f0f", "context": {"removed_elements": 50}}
{"timestamp": "2026-06-01T09:15:28.438185+00:00", "level": "DEBUG", "message": "клик_далее_выполнен", "logger": "scraper", "trace_id": "8c1245cf8f0f"}
{"timestamp": "2026-06-01T09:15:48.657586+00:00", "level": "INFO", "message": "переход_на_следующую_страницу_выполнен", "logger": "scraper", "trace_id": "8c1245cf8f0f"}
{"timestamp": "2026-06-01T09:15:48.657914+00:00", "level": "INFO", "message": "парсинг_страницы", "logger": "scraper", "trace_id": "8c1245cf8f0f", "context": {"url_index": 1, "page": 25, "remaining": 309}}
{"timestamp": "2026-06-01T09:16:05.059368+00:00", "level": "INFO", "message": "переход_на_следующую_страницу_выполнен", "logger": "scraper", "trace_id": "8c1245cf8f0f"}
{"timestamp": "2026-06-01T09:16:05.059658+00:00", "level": "INFO", "message": "парсинг_страницы", "logger": "scraper", "trace_id": "8c1245cf8f0f", "context": {"url_index": 1, "page": 25, "remaining": 309}}
{"timestamp": "2026-06-01T09:16:24.295539+00:00", "level": "INFO", "message": "страница_обработана", "logger": "scraper", "trace_id": "8c1245cf8f0f", "context": {"url_index": 1, "page": 25, "found": 48, "total_so_far": 1176}}
{"timestamp": "2026-06-01T09:16:24.354617+00:00", "level": "DEBUG", "message": "dom_очищен", "logger": "scraper", "trace_id": "8c1245cf8f0f", "context": {"removed_elements": 50}}
{"timestamp": "2026-06-01T09:16:25.526257+00:00", "level": "DEBUG", "message": "клик_далее_выполнен", "logger": "scraper", "trace_id": "8c1245cf8f0f"}
{"timestamp": "2026-06-01T09:16:41.411509+00:00", "level": "INFO", "message": "страница_обработана", "logger": "scraper", "trace_id": "8c1245cf8f0f", "context": {"url_index": 1, "page": 25, "found": 49, "total_so_far": 1219}}
{"timestamp": "2026-06-01T09:16:41.444864+00:00", "level": "DEBUG", "message": "dom_очищен", "logger": "scraper", "trace_id": "8c1245cf8f0f", "context": {"removed_elements": 50}}
{"timestamp": "2026-06-01T09:16:42.601464+00:00", "level": "DEBUG", "message": "клик_далее_выполнен", "logger": "scraper", "trace_id": "8c1245cf8f0f"}
{"timestamp": "2026-06-01T09:17:02.571230+00:00", "level": "INFO", "message": "переход_на_следующую_страницу_выполнен", "logger": "scraper", "trace_id": "8c1245cf8f0f"}
{"timestamp": "2026-06-01T09:17:02.571651+00:00", "level": "INFO", "message": "парсинг_страницы", "logger": "scraper", "trace_id": "8c1245cf8f0f", "context": {"url_index": 1, "page": 26, "remaining": 308}}
{"timestamp": "2026-06-01T09:17:20.069195+00:00", "level": "INFO", "message": "переход_на_следующую_страницу_выполнен", "logger": "scraper", "trace_id": "8c1245cf8f0f"}
{"timestamp": "2026-06-01T09:17:20.069399+00:00", "level": "INFO", "message": "парсинг_страницы", "logger": "scraper", "trace_id": "8c1245cf8f0f", "context": {"url_index": 1, "page": 26, "remaining": 308}}
{"timestamp": "2026-06-01T09:17:38.182321+00:00", "level": "INFO", "message": "страница_обработана", "logger": "scraper", "trace_id": "8c1245cf8f0f", "context": {"url_index": 1, "page": 26, "found": 48, "total_so_far": 1224}}
{"timestamp": "2026-06-01T09:17:38.250995+00:00", "level": "DEBUG", "message": "dom_очищен", "logger": "scraper", "trace_id": "8c1245cf8f0f", "context": {"removed_elements": 50}}
{"timestamp": "2026-06-01T09:17:39.441144+00:00", "level": "DEBUG", "message": "клик_далее_выполнен", "logger": "scraper", "trace_id": "8c1245cf8f0f"}
{"timestamp": "2026-06-01T09:17:55.829789+00:00", "level": "INFO", "message": "страница_обработана", "logger": "scraper", "trace_id": "8c1245cf8f0f", "context": {"url_index": 1, "page": 26, "found": 49, "total_so_far": 1268}}
{"timestamp": "2026-06-01T09:17:55.876359+00:00", "level": "DEBUG", "message": "dom_очищен", "logger": "scraper", "trace_id": "8c1245cf8f0f", "context": {"removed_elements": 50}}
{"timestamp": "2026-06-01T09:17:57.048011+00:00", "level": "DEBUG", "message": "клик_далее_выполнен", "logger": "scraper", "trace_id": "8c1245cf8f0f"}
{"timestamp": "2026-06-01T09:18:15.488242+00:00", "level": "INFO", "message": "переход_на_следующую_страницу_выполнен", "logger": "scraper", "trace_id": "8c1245cf8f0f"}
{"timestamp": "2026-06-01T09:18:15.488919+00:00", "level": "INFO", "message": "парсинг_страницы", "logger": "scraper", "trace_id": "8c1245cf8f0f", "context": {"url_index": 1, "page": 27, "remaining": 307}}
{"timestamp": "2026-06-01T09:18:34.482787+00:00", "level": "INFO", "message": "переход_на_следующую_страницу_выполнен", "logger": "scraper", "trace_id": "8c1245cf8f0f"}
{"timestamp": "2026-06-01T09:18:34.483005+00:00", "level": "INFO", "message": "парсинг_страницы", "logger": "scraper", "trace_id": "8c1245cf8f0f", "context": {"url_index": 1, "page": 27, "remaining": 307}}
{"timestamp": "2026-06-01T09:18:51.357609+00:00", "level": "INFO", "message": "страница_обработана", "logger": "scraper", "trace_id": "8c1245cf8f0f", "context": {"url_index": 1, "page": 27, "found": 44, "total_so_far": 1268}}
{"timestamp": "2026-06-01T09:18:51.427491+00:00", "level": "DEBUG", "message": "dom_очищен", "logger": "scraper", "trace_id": "8c1245cf8f0f", "context": {"removed_elements": 50}}
{"timestamp": "2026-06-01T09:18:52.618241+00:00", "level": "DEBUG", "message": "клик_далее_выполнен", "logger": "scraper", "trace_id": "8c1245cf8f0f"}
{"timestamp": "2026-06-01T09:19:13.187193+00:00", "level": "INFO", "message": "страница_обработана", "logger": "scraper", "trace_id": "8c1245cf8f0f", "context": {"url_index": 1, "page": 27, "found": 48, "total_so_far": 1316}}
{"timestamp": "2026-06-01T09:19:13.221363+00:00", "level": "DEBUG", "message": "dom_очищен", "logger": "scraper", "trace_id": "8c1245cf8f0f", "context": {"removed_elements": 50}}
{"timestamp": "2026-06-01T09:19:14.367526+00:00", "level": "DEBUG", "message": "клик_далее_выполнен", "logger": "scraper", "trace_id": "8c1245cf8f0f"}
{"timestamp": "2026-06-01T09:19:28.302285+00:00", "level": "INFO", "message": "переход_на_следующую_страницу_выполнен", "logger": "scraper", "trace_id": "8c1245cf8f0f"}
{"timestamp": "2026-06-01T09:19:28.302435+00:00", "level": "INFO", "message": "парсинг_страницы", "logger": "scraper", "trace_id": "8c1245cf8f0f", "context": {"url_index": 1, "page": 28, "remaining": 306}}
{"timestamp": "2026-06-01T09:19:50.268608+00:00", "level": "INFO", "message": "переход_на_следующую_страницу_выполнен", "logger": "scraper", "trace_id": "8c1245cf8f0f"}
{"timestamp": "2026-06-01T09:19:50.268811+00:00", "level": "INFO", "message": "парсинг_страницы", "logger": "scraper", "trace_id": "8c1245cf8f0f", "context": {"url_index": 1, "page": 28, "remaining": 306}}
{"timestamp": "2026-06-01T09:20:07.877447+00:00", "level": "INFO", "message": "страница_обработана", "logger": "scraper", "trace_id": "8c1245cf8f0f", "context": {"url_index": 1, "page": 28, "found": 48, "total_so_far": 1316}}
{"timestamp": "2026-06-01T09:20:07.951676+00:00", "level": "DEBUG", "message": "dom_очищен", "logger": "scraper", "trace_id": "8c1245cf8f0f", "context": {"removed_elements": 50}}
{"timestamp": "2026-06-01T09:20:09.223929+00:00", "level": "DEBUG", "message": "клик_далее_выполнен", "logger": "scraper", "trace_id": "8c1245cf8f0f"}
{"timestamp": "2026-06-01T09:20:29.369911+00:00", "level": "INFO", "message": "страница_обработана", "logger": "scraper", "trace_id": "8c1245cf8f0f", "context": {"url_index": 1, "page": 28, "found": 46, "total_so_far": 1362}}
{"timestamp": "2026-06-01T09:20:29.402905+00:00", "level": "DEBUG", "message": "dom_очищен", "logger": "scraper", "trace_id": "8c1245cf8f0f", "context": {"removed_elements": 50}}
{"timestamp": "2026-06-01T09:20:30.589283+00:00", "level": "DEBUG", "message": "клик_далее_выполнен", "logger": "scraper", "trace_id": "8c1245cf8f0f"}
{"timestamp": "2026-06-01T09:20:44.331129+00:00", "level": "INFO", "message": "переход_на_следующую_страницу_выполнен", "logger": "scraper", "trace_id": "8c1245cf8f0f"}
{"timestamp": "2026-06-01T09:20:44.331286+00:00", "level": "INFO", "message": "парсинг_страницы", "logger": "scraper", "trace_id": "8c1245cf8f0f", "context": {"url_index": 1, "page": 29, "remaining": 305}}
{"timestamp": "2026-06-01T09:21:07.629786+00:00", "level": "INFO", "message": "переход_на_следующую_страницу_выполнен", "logger": "scraper", "trace_id": "8c1245cf8f0f"}
{"timestamp": "2026-06-01T09:21:07.630428+00:00", "level": "INFO", "message": "парсинг_страницы", "logger": "scraper", "trace_id": "8c1245cf8f0f", "context": {"url_index": 1, "page": 29, "remaining": 305}}
{"timestamp": "2026-06-01T09:21:21.438408+00:00", "level": "INFO", "message": "страница_обработана", "logger": "scraper", "trace_id": "8c1245cf8f0f", "context": {"url_index": 1, "page": 29, "found": 45, "total_so_far": 1361}}
{"timestamp": "2026-06-01T09:21:21.504265+00:00", "level": "DEBUG", "message": "dom_очищен", "logger": "scraper", "trace_id": "8c1245cf8f0f", "context": {"removed_elements": 50}}
{"timestamp": "2026-06-01T09:21:22.684520+00:00", "level": "DEBUG", "message": "клик_далее_выполнен", "logger": "scraper", "trace_id": "8c1245cf8f0f"}
{"timestamp": "2026-06-01T09:21:46.495425+00:00", "level": "INFO", "message": "страница_обработана", "logger": "scraper", "trace_id": "8c1245cf8f0f", "context": {"url_index": 1, "page": 29, "found": 50, "total_so_far": 1412}}
{"timestamp": "2026-06-01T09:21:46.528250+00:00", "level": "DEBUG", "message": "dom_очищен", "logger": "scraper", "trace_id": "8c1245cf8f0f", "context": {"removed_elements": 50}}
{"timestamp": "2026-06-01T09:21:47.687093+00:00", "level": "DEBUG", "message": "клик_далее_выполнен", "logger": "scraper", "trace_id": "8c1245cf8f0f"}
{"timestamp": "2026-06-01T09:21:59.513685+00:00", "level": "INFO", "message": "переход_на_следующую_страницу_выполнен", "logger": "scraper", "trace_id": "8c1245cf8f0f"}
{"timestamp": "2026-06-01T09:21:59.514343+00:00", "level": "INFO", "message": "парсинг_страницы", "logger": "scraper", "trace_id": "8c1245cf8f0f", "context": {"url_index": 1, "page": 30, "remaining": 304}}
{"timestamp": "2026-06-01T09:22:25.091473+00:00", "level": "INFO", "message": "переход_на_следующую_страницу_выполнен", "logger": "scraper", "trace_id": "8c1245cf8f0f"}
{"timestamp": "2026-06-01T09:22:25.091871+00:00", "level": "INFO", "message": "парсинг_страницы", "logger": "scraper", "trace_id": "8c1245cf8f0f", "context": {"url_index": 1, "page": 30, "remaining": 304}}
{"timestamp": "2026-06-01T09:22:36.413143+00:00", "level": "INFO", "message": "страница_обработана", "logger": "scraper", "trace_id": "8c1245cf8f0f", "context": {"url_index": 1, "page": 30, "found": 47, "total_so_far": 1408}}
{"timestamp": "2026-06-01T09:22:36.473096+00:00", "level": "DEBUG", "message": "dom_очищен", "logger": "scraper", "trace_id": "8c1245cf8f0f", "context": {"removed_elements": 50}}
{"timestamp": "2026-06-01T09:22:37.686708+00:00", "level": "DEBUG", "message": "клик_далее_выполнен", "logger": "scraper", "trace_id": "8c1245cf8f0f"}
{"timestamp": "2026-06-01T09:23:06.091973+00:00", "level": "INFO", "message": "страница_обработана", "logger": "scraper", "trace_id": "8c1245cf8f0f", "context": {"url_index": 1, "page": 30, "found": 50, "total_so_far": 1462}}
{"timestamp": "2026-06-01T09:23:06.125576+00:00", "level": "DEBUG", "message": "dom_очищен", "logger": "scraper", "trace_id": "8c1245cf8f0f", "context": {"removed_elements": 50}}
{"timestamp": "2026-06-01T09:23:07.277034+00:00", "level": "DEBUG", "message": "клик_далее_выполнен", "logger": "scraper", "trace_id": "8c1245cf8f0f"}
{"timestamp": "2026-06-01T09:23:13.242272+00:00", "level": "INFO", "message": "переход_на_следующую_страницу_выполнен", "logger": "scraper", "trace_id": "8c1245cf8f0f"}
{"timestamp": "2026-06-01T09:23:13.242807+00:00", "level": "INFO", "message": "парсинг_страницы", "logger": "scraper", "trace_id": "8c1245cf8f0f", "context": {"url_index": 1, "page": 31, "remaining": 303}}
{"timestamp": "2026-06-01T09:23:44.567283+00:00", "level": "INFO", "message": "переход_на_следующую_страницу_выполнен", "logger": "scraper", "trace_id": "8c1245cf8f0f"}
{"timestamp": "2026-06-01T09:23:44.567492+00:00", "level": "INFO", "message": "парсинг_страницы", "logger": "scraper", "trace_id": "8c1245cf8f0f", "context": {"url_index": 1, "page": 31, "remaining": 303}}
{"timestamp": "2026-06-01T09:23:51.731364+00:00", "level": "INFO", "message": "страница_обработана", "logger": "scraper", "trace_id": "8c1245cf8f0f", "context": {"url_index": 1, "page": 31, "found": 47, "total_so_far": 1455}}
{"timestamp": "2026-06-01T09:23:51.798716+00:00", "level": "DEBUG", "message": "dom_очищен", "logger": "scraper", "trace_id": "8c1245cf8f0f", "context": {"removed_elements": 50}}
{"timestamp": "2026-06-01T09:23:53.036609+00:00", "level": "DEBUG", "message": "клик_далее_выполнен", "logger": "scraper", "trace_id": "8c1245cf8f0f"}
{"timestamp": "2026-06-01T09:24:20.351309+00:00", "level": "INFO", "message": "страница_обработана", "logger": "scraper", "trace_id": "8c1245cf8f0f", "context": {"url_index": 1, "page": 31, "found": 49, "total_so_far": 1511}}
{"timestamp": "2026-06-01T09:24:20.391055+00:00", "level": "DEBUG", "message": "dom_очищен", "logger": "scraper", "trace_id": "8c1245cf8f0f", "context": {"removed_elements": 50}}
{"timestamp": "2026-06-01T09:24:21.543325+00:00", "level": "DEBUG", "message": "клик_далее_выполнен", "logger": "scraper", "trace_id": "8c1245cf8f0f"}
{"timestamp": "2026-06-01T09:24:30.372967+00:00", "level": "INFO", "message": "переход_на_следующую_страницу_выполнен", "logger": "scraper", "trace_id": "8c1245cf8f0f"}
{"timestamp": "2026-06-01T09:24:30.373977+00:00", "level": "INFO", "message": "парсинг_страницы", "logger": "scraper", "trace_id": "8c1245cf8f0f", "context": {"url_index": 1, "page": 32, "remaining": 302}}
{"timestamp": "2026-06-01T09:24:57.574479+00:00", "level": "INFO", "message": "переход_на_следующую_страницу_выполнен", "logger": "scraper", "trace_id": "8c1245cf8f0f"}
{"timestamp": "2026-06-01T09:24:57.574689+00:00", "level": "INFO", "message": "парсинг_страницы", "logger": "scraper", "trace_id": "8c1245cf8f0f", "context": {"url_index": 1, "page": 32, "remaining": 302}}
{"timestamp": "2026-06-01T09:25:11.072485+00:00", "level": "INFO", "message": "страница_обработана", "logger": "scraper", "trace_id": "8c1245cf8f0f", "context": {"url_index": 1, "page": 32, "found": 45, "total_so_far": 1500}}
{"timestamp": "2026-06-01T09:25:11.143687+00:00", "level": "DEBUG", "message": "dom_очищен", "logger": "scraper", "trace_id": "8c1245cf8f0f", "context": {"removed_elements": 50}}
{"timestamp": "2026-06-01T09:25:12.362783+00:00", "level": "DEBUG", "message": "клик_далее_выполнен", "logger": "scraper", "trace_id": "8c1245cf8f0f"}
{"timestamp": "2026-06-01T09:25:37.295571+00:00", "level": "INFO", "message": "страница_обработана", "logger": "scraper", "trace_id": "8c1245cf8f0f", "context": {"url_index": 1, "page": 32, "found": 46, "total_so_far": 1557}}
{"timestamp": "2026-06-01T09:25:37.325497+00:00", "level": "DEBUG", "message": "dom_очищен", "logger": "scraper", "trace_id": "8c1245cf8f0f", "context": {"removed_elements": 50}}
{"timestamp": "2026-06-01T09:25:38.464095+00:00", "level": "DEBUG", "message": "клик_далее_выполнен", "logger": "scraper", "trace_id": "8c1245cf8f0f"}
{"timestamp": "2026-06-01T09:25:47.848301+00:00", "level": "INFO", "message": "переход_на_следующую_страницу_выполнен", "logger": "scraper", "trace_id": "8c1245cf8f0f"}
{"timestamp": "2026-06-01T09:25:47.849354+00:00", "level": "INFO", "message": "парсинг_страницы", "logger": "scraper", "trace_id": "8c1245cf8f0f", "context": {"url_index": 1, "page": 33, "remaining": 301}}
{"timestamp": "2026-06-01T09:26:15.672133+00:00", "level": "INFO", "message": "переход_на_следующую_страницу_выполнен", "logger": "scraper", "trace_id": "8c1245cf8f0f"}
{"timestamp": "2026-06-01T09:26:15.672467+00:00", "level": "INFO", "message": "парсинг_страницы", "logger": "scraper", "trace_id": "8c1245cf8f0f", "context": {"url_index": 1, "page": 33, "remaining": 301}}
{"timestamp": "2026-06-01T09:26:26.654704+00:00", "level": "INFO", "message": "страница_обработана", "logger": "scraper", "trace_id": "8c1245cf8f0f", "context": {"url_index": 1, "page": 33, "found": 46, "total_so_far": 1546}}
{"timestamp": "2026-06-01T09:26:26.728569+00:00", "level": "DEBUG", "message": "dom_очищен", "logger": "scraper", "trace_id": "8c1245cf8f0f", "context": {"removed_elements": 50}}
{"timestamp": "2026-06-01T09:26:27.918160+00:00", "level": "DEBUG", "message": "клик_далее_выполнен", "logger": "scraper", "trace_id": "8c1245cf8f0f"}
{"timestamp": "2026-06-01T09:26:51.212572+00:00", "level": "INFO", "message": "страница_обработана", "logger": "scraper", "trace_id": "8c1245cf8f0f", "context": {"url_index": 1, "page": 33, "found": 47, "total_so_far": 1604}}
{"timestamp": "2026-06-01T09:26:51.249709+00:00", "level": "DEBUG", "message": "dom_очищен", "logger": "scraper", "trace_id": "8c1245cf8f0f", "context": {"removed_elements": 50}}
{"timestamp": "2026-06-01T09:26:52.398845+00:00", "level": "DEBUG", "message": "клик_далее_выполнен", "logger": "scraper", "trace_id": "8c1245cf8f0f"}
{"timestamp": "2026-06-01T09:27:04.714000+00:00", "level": "INFO", "message": "переход_на_следующую_страницу_выполнен", "logger": "scraper", "trace_id": "8c1245cf8f0f"}
{"timestamp": "2026-06-01T09:27:04.714334+00:00", "level": "INFO", "message": "парсинг_страницы", "logger": "scraper", "trace_id": "8c1245cf8f0f", "context": {"url_index": 1, "page": 34, "remaining": 300}}
{"timestamp": "2026-06-01T09:27:29.535229+00:00", "level": "INFO", "message": "переход_на_следующую_страницу_выполнен", "logger": "scraper", "trace_id": "8c1245cf8f0f"}
{"timestamp": "2026-06-01T09:27:29.535561+00:00", "level": "INFO", "message": "парсинг_страницы", "logger": "scraper", "trace_id": "8c1245cf8f0f", "context": {"url_index": 1, "page": 34, "remaining": 300}}
{"timestamp": "2026-06-01T09:27:46.946812+00:00", "level": "INFO", "message": "страница_обработана", "logger": "scraper", "trace_id": "8c1245cf8f0f", "context": {"url_index": 1, "page": 34, "found": 47, "total_so_far": 1593}}
{"timestamp": "2026-06-01T09:27:47.037221+00:00", "level": "DEBUG", "message": "dom_очищен", "logger": "scraper", "trace_id": "8c1245cf8f0f", "context": {"removed_elements": 50}}
{"timestamp": "2026-06-01T09:27:48.240178+00:00", "level": "DEBUG", "message": "клик_далее_выполнен", "logger": "scraper", "trace_id": "8c1245cf8f0f"}
{"timestamp": "2026-06-01T09:28:09.735633+00:00", "level": "INFO", "message": "страница_обработана", "logger": "scraper", "trace_id": "8c1245cf8f0f", "context": {"url_index": 1, "page": 34, "found": 49, "total_so_far": 1653}}
{"timestamp": "2026-06-01T09:28:09.765969+00:00", "level": "DEBUG", "message": "dom_очищен", "logger": "scraper", "trace_id": "8c1245cf8f0f", "context": {"removed_elements": 50}}
{"timestamp": "2026-06-01T09:28:10.931308+00:00", "level": "DEBUG", "message": "клик_далее_выполнен", "logger": "scraper", "trace_id": "8c1245cf8f0f"}
{"timestamp": "2026-06-01T09:28:24.959364+00:00", "level": "INFO", "message": "переход_на_следующую_страницу_выполнен", "logger": "scraper", "trace_id": "8c1245cf8f0f"}
{"timestamp": "2026-06-01T09:28:24.959517+00:00", "level": "INFO", "message": "парсинг_страницы", "logger": "scraper", "trace_id": "8c1245cf8f0f", "context": {"url_index": 1, "page": 35, "remaining": 299}}
{"timestamp": "2026-06-01T09:28:47.359838+00:00", "level": "INFO", "message": "переход_на_следующую_страницу_выполнен", "logger": "scraper", "trace_id": "8c1245cf8f0f"}
{"timestamp": "2026-06-01T09:28:47.360310+00:00", "level": "INFO", "message": "парсинг_страницы", "logger": "scraper", "trace_id": "8c1245cf8f0f", "context": {"url_index": 1, "page": 35, "remaining": 299}}
{"timestamp": "2026-06-01T09:29:03.512286+00:00", "level": "INFO", "message": "страница_обработана", "logger": "scraper", "trace_id": "8c1245cf8f0f", "context": {"url_index": 1, "page": 35, "found": 45, "total_so_far": 1638}}
{"timestamp": "2026-06-01T09:29:03.605083+00:00", "level": "DEBUG", "message": "dom_очищен", "logger": "scraper", "trace_id": "8c1245cf8f0f", "context": {"removed_elements": 50}}
{"timestamp": "2026-06-01T09:29:04.801695+00:00", "level": "DEBUG", "message": "клик_далее_выполнен", "logger": "scraper", "trace_id": "8c1245cf8f0f"}
{"timestamp": "2026-06-01T09:29:26.684792+00:00", "level": "INFO", "message": "страница_обработана", "logger": "scraper", "trace_id": "8c1245cf8f0f", "context": {"url_index": 1, "page": 35, "found": 47, "total_so_far": 1700}}
{"timestamp": "2026-06-01T09:29:26.722577+00:00", "level": "DEBUG", "message": "dom_очищен", "logger": "scraper", "trace_id": "8c1245cf8f0f", "context": {"removed_elements": 50}}
{"timestamp": "2026-06-01T09:29:27.874978+00:00", "level": "DEBUG", "message": "клик_далее_выполнен", "logger": "scraper", "trace_id": "8c1245cf8f0f"}
{"timestamp": "2026-06-01T09:29:42.163899+00:00", "level": "INFO", "message": "переход_на_следующую_страницу_выполнен", "logger": "scraper", "trace_id": "8c1245cf8f0f"}
{"timestamp": "2026-06-01T09:29:42.164400+00:00", "level": "INFO", "message": "парсинг_страницы", "logger": "scraper", "trace_id": "8c1245cf8f0f", "context": {"url_index": 1, "page": 36, "remaining": 298}}
{"timestamp": "2026-06-01T09:30:02.974927+00:00", "level": "INFO", "message": "переход_на_следующую_страницу_выполнен", "logger": "scraper", "trace_id": "8c1245cf8f0f"}
{"timestamp": "2026-06-01T09:30:02.975757+00:00", "level": "INFO", "message": "парсинг_страницы", "logger": "scraper", "trace_id": "8c1245cf8f0f", "context": {"url_index": 1, "page": 36, "remaining": 298}}
{"timestamp": "2026-06-01T09:30:23.756052+00:00", "level": "INFO", "message": "страница_обработана", "logger": "scraper", "trace_id": "8c1245cf8f0f", "context": {"url_index": 1, "page": 36, "found": 46, "total_so_far": 1684}}
{"timestamp": "2026-06-01T09:30:23.841027+00:00", "level": "DEBUG", "message": "dom_очищен", "logger": "scraper", "trace_id": "8c1245cf8f0f", "context": {"removed_elements": 50}}
{"timestamp": "2026-06-01T09:30:25.078386+00:00", "level": "DEBUG", "message": "клик_далее_выполнен", "logger": "scraper", "trace_id": "8c1245cf8f0f"}
{"timestamp": "2026-06-01T09:30:42.789863+00:00", "level": "INFO", "message": "страница_обработана", "logger": "scraper", "trace_id": "8c1245cf8f0f", "context": {"url_index": 1, "page": 36, "found": 48, "total_so_far": 1748}}
{"timestamp": "2026-06-01T09:30:42.822570+00:00", "level": "DEBUG", "message": "dom_очищен", "logger": "scraper", "trace_id": "8c1245cf8f0f", "context": {"removed_elements": 50}}
{"timestamp": "2026-06-01T09:30:44.030731+00:00", "level": "DEBUG", "message": "клик_далее_выполнен", "logger": "scraper", "trace_id": "8c1245cf8f0f"}
{"timestamp": "2026-06-01T09:31:01.326715+00:00", "level": "INFO", "message": "переход_на_следующую_страницу_выполнен", "logger": "scraper", "trace_id": "8c1245cf8f0f"}
{"timestamp": "2026-06-01T09:31:01.326954+00:00", "level": "INFO", "message": "парсинг_страницы", "logger": "scraper", "trace_id": "8c1245cf8f0f", "context": {"url_index": 1, "page": 37, "remaining": 297}}
{"timestamp": "2026-06-01T09:31:21.574960+00:00", "level": "INFO", "message": "переход_на_следующую_страницу_выполнен", "logger": "scraper", "trace_id": "8c1245cf8f0f"}
{"timestamp": "2026-06-01T09:31:21.575209+00:00", "level": "INFO", "message": "парсинг_страницы", "logger": "scraper", "trace_id": "8c1245cf8f0f", "context": {"url_index": 1, "page": 37, "remaining": 297}}
{"timestamp": "2026-06-01T09:31:41.407663+00:00", "level": "INFO", "message": "страница_обработана", "logger": "scraper", "trace_id": "8c1245cf8f0f", "context": {"url_index": 1, "page": 37, "found": 46, "total_so_far": 1730}}
{"timestamp": "2026-06-01T09:31:41.471110+00:00", "level": "DEBUG", "message": "dom_очищен", "logger": "scraper", "trace_id": "8c1245cf8f0f", "context": {"removed_elements": 50}}
{"timestamp": "2026-06-01T09:31:42.682205+00:00", "level": "DEBUG", "message": "клик_далее_выполнен", "logger": "scraper", "trace_id": "8c1245cf8f0f"}
{"timestamp": "2026-06-01T09:32:01.521621+00:00", "level": "INFO", "message": "страница_обработана", "logger": "scraper", "trace_id": "8c1245cf8f0f", "context": {"url_index": 1, "page": 37, "found": 48, "total_so_far": 1796}}
{"timestamp": "2026-06-01T09:32:01.565738+00:00", "level": "DEBUG", "message": "dom_очищен", "logger": "scraper", "trace_id": "8c1245cf8f0f", "context": {"removed_elements": 50}}
{"timestamp": "2026-06-01T09:32:02.735803+00:00", "level": "DEBUG", "message": "клик_далее_выполнен", "logger": "scraper", "trace_id": "8c1245cf8f0f"}
{"timestamp": "2026-06-01T09:32:18.523530+00:00", "level": "INFO", "message": "переход_на_следующую_страницу_выполнен", "logger": "scraper", "trace_id": "8c1245cf8f0f"}
{"timestamp": "2026-06-01T09:32:18.523833+00:00", "level": "INFO", "message": "парсинг_страницы", "logger": "scraper", "trace_id": "8c1245cf8f0f", "context": {"url_index": 1, "page": 38, "remaining": 296}}
{"timestamp": "2026-06-01T09:32:40.232703+00:00", "level": "INFO", "message": "переход_на_следующую_страницу_выполнен", "logger": "scraper", "trace_id": "8c1245cf8f0f"}
{"timestamp": "2026-06-01T09:32:40.232853+00:00", "level": "INFO", "message": "парсинг_страницы", "logger": "scraper", "trace_id": "8c1245cf8f0f", "context": {"url_index": 1, "page": 38, "remaining": 296}}
{"timestamp": "2026-06-01T09:32:56.362041+00:00", "level": "INFO", "message": "страница_обработана", "logger": "scraper", "trace_id": "8c1245cf8f0f", "context": {"url_index": 1, "page": 38, "found": 44, "total_so_far": 1774}}
{"timestamp": "2026-06-01T09:32:56.453703+00:00", "level": "DEBUG", "message": "dom_очищен", "logger": "scraper", "trace_id": "8c1245cf8f0f", "context": {"removed_elements": 50}}
{"timestamp": "2026-06-01T09:32:57.655045+00:00", "level": "DEBUG", "message": "клик_далее_выполнен", "logger": "scraper", "trace_id": "8c1245cf8f0f"}
{"timestamp": "2026-06-01T09:33:19.338824+00:00", "level": "INFO", "message": "страница_обработана", "logger": "scraper", "trace_id": "8c1245cf8f0f", "context": {"url_index": 1, "page": 38, "found": 48, "total_so_far": 1844}}
{"timestamp": "2026-06-01T09:33:19.377956+00:00", "level": "DEBUG", "message": "dom_очищен", "logger": "scraper", "trace_id": "8c1245cf8f0f", "context": {"removed_elements": 50}}
{"timestamp": "2026-06-01T09:33:20.532998+00:00", "level": "DEBUG", "message": "клик_далее_выполнен", "logger": "scraper", "trace_id": "8c1245cf8f0f"}
{"timestamp": "2026-06-01T09:33:33.620728+00:00", "level": "INFO", "message": "переход_на_следующую_страницу_выполнен", "logger": "scraper", "trace_id": "8c1245cf8f0f"}
{"timestamp": "2026-06-01T09:33:33.622023+00:00", "level": "INFO", "message": "парсинг_страницы", "logger": "scraper", "trace_id": "8c1245cf8f0f", "context": {"url_index": 1, "page": 39, "remaining": 295}}
{"timestamp": "2026-06-01T09:33:57.767596+00:00", "level": "INFO", "message": "переход_на_следующую_страницу_выполнен", "logger": "scraper", "trace_id": "8c1245cf8f0f"}
{"timestamp": "2026-06-01T09:33:57.767821+00:00", "level": "INFO", "message": "парсинг_страницы", "logger": "scraper", "trace_id": "8c1245cf8f0f", "context": {"url_index": 1, "page": 39, "remaining": 295}}
{"timestamp": "2026-06-01T09:34:14.501874+00:00", "level": "INFO", "message": "страница_обработана", "logger": "scraper", "trace_id": "8c1245cf8f0f", "context": {"url_index": 1, "page": 39, "found": 49, "total_so_far": 1823}}
{"timestamp": "2026-06-01T09:34:14.571072+00:00", "level": "DEBUG", "message": "dom_очищен", "logger": "scraper", "trace_id": "8c1245cf8f0f", "context": {"removed_elements": 50}}
{"timestamp": "2026-06-01T09:34:15.778929+00:00", "level": "DEBUG", "message": "клик_далее_выполнен", "logger": "scraper", "trace_id": "8c1245cf8f0f"}
{"timestamp": "2026-06-01T09:34:36.019689+00:00", "level": "INFO", "message": "страница_обработана", "logger": "scraper", "trace_id": "8c1245cf8f0f", "context": {"url_index": 1, "page": 39, "found": 49, "total_so_far": 1893}}
{"timestamp": "2026-06-01T09:34:36.064208+00:00", "level": "DEBUG", "message": "dom_очищен", "logger": "scraper", "trace_id": "8c1245cf8f0f", "context": {"removed_elements": 50}}
{"timestamp": "2026-06-01T09:34:37.227131+00:00", "level": "DEBUG", "message": "клик_далее_выполнен", "logger": "scraper", "trace_id": "8c1245cf8f0f"}
{"timestamp": "2026-06-01T09:34:53.062428+00:00", "level": "INFO", "message": "переход_на_следующую_страницу_выполнен", "logger": "scraper", "trace_id": "8c1245cf8f0f"}
{"timestamp": "2026-06-01T09:34:53.062941+00:00", "level": "INFO", "message": "парсинг_страницы", "logger": "scraper", "trace_id": "8c1245cf8f0f", "context": {"url_index": 1, "page": 40, "remaining": 294}}
{"timestamp": "2026-06-01T09:35:14.917128+00:00", "level": "INFO", "message": "переход_на_следующую_страницу_выполнен", "logger": "scraper", "trace_id": "8c1245cf8f0f"}
{"timestamp": "2026-06-01T09:35:14.917739+00:00", "level": "INFO", "message": "парсинг_страницы", "logger": "scraper", "trace_id": "8c1245cf8f0f", "context": {"url_index": 1, "page": 40, "remaining": 294}}
{"timestamp": "2026-06-01T09:35:35.528586+00:00", "level": "INFO", "message": "страница_обработана", "logger": "scraper", "trace_id": "8c1245cf8f0f", "context": {"url_index": 1, "page": 40, "found": 48, "total_so_far": 1871}}
{"timestamp": "2026-06-01T09:35:35.606305+00:00", "level": "DEBUG", "message": "dom_очищен", "logger": "scraper", "trace_id": "8c1245cf8f0f", "context": {"removed_elements": 50}}
{"timestamp": "2026-06-01T09:35:36.831608+00:00", "level": "DEBUG", "message": "клик_далее_выполнен", "logger": "scraper", "trace_id": "8c1245cf8f0f"}
{"timestamp": "2026-06-01T09:35:47.329462+00:00", "level": "INFO", "message": "страница_обработана", "logger": "scraper", "trace_id": "8c1245cf8f0f", "context": {"url_index": 1, "page": 40, "found": 40, "total_so_far": 1933}}
{"timestamp": "2026-06-01T09:35:47.361135+00:00", "level": "DEBUG", "message": "dom_очищен", "logger": "scraper", "trace_id": "8c1245cf8f0f", "context": {"removed_elements": 43}}
{"timestamp": "2026-06-01T09:35:48.398526+00:00", "level": "DEBUG", "message": "кнопка_далее_не_найдена", "logger": "scraper", "trace_id": "8c1245cf8f0f"}
{"timestamp": "2026-06-01T09:35:48.399119+00:00", "level": "INFO", "message": "последняя_страница_достигнута", "logger": "scraper", "trace_id": "8c1245cf8f0f", "context": {"url_index": 1, "page": 40}}
{"timestamp": "2026-06-01T09:35:48.399527+00:00", "level": "INFO", "message": "воркер_ссылка_обработана", "logger": "scraper", "trace_id": "8c1245cf8f0f", "context": {"worker": 1, "url_index": 1, "pages_from_url": 40, "listings_so_far": 1933}}
{"timestamp": "2026-06-01T09:35:48.840063+00:00", "level": "INFO", "message": "браузер_остановлен", "logger": "browser", "trace_id": "8c1245cf8f0f"}
{"timestamp": "2026-06-01T09:36:14.654955+00:00", "level": "INFO", "message": "переход_на_следующую_страницу_выполнен", "logger": "scraper", "trace_id": "8c1245cf8f0f"}
{"timestamp": "2026-06-01T09:36:14.655221+00:00", "level": "INFO", "message": "парсинг_страницы", "logger": "scraper", "trace_id": "8c1245cf8f0f", "context": {"url_index": 1, "page": 41, "remaining": 293}}
{"timestamp": "2026-06-01T09:36:49.827888+00:00", "level": "INFO", "message": "страница_обработана", "logger": "scraper", "trace_id": "8c1245cf8f0f", "context": {"url_index": 1, "page": 41, "found": 43, "total_so_far": 1914}}
{"timestamp": "2026-06-01T09:36:49.899477+00:00", "level": "DEBUG", "message": "dom_очищен", "logger": "scraper", "trace_id": "8c1245cf8f0f", "context": {"removed_elements": 50}}
{"timestamp": "2026-06-01T09:36:51.758689+00:00", "level": "DEBUG", "message": "клик_далее_выполнен", "logger": "scraper", "trace_id": "8c1245cf8f0f"}
{"timestamp": "2026-06-01T09:37:28.345732+00:00", "level": "INFO", "message": "переход_на_следующую_страницу_выполнен", "logger": "scraper", "trace_id": "8c1245cf8f0f"}
{"timestamp": "2026-06-01T09:37:28.346554+00:00", "level": "INFO", "message": "парсинг_страницы", "logger": "scraper", "trace_id": "8c1245cf8f0f", "context": {"url_index": 1, "page": 42, "remaining": 292}}
{"timestamp": "2026-06-01T09:38:06.942314+00:00", "level": "INFO", "message": "страница_обработана", "logger": "scraper", "trace_id": "8c1245cf8f0f", "context": {"url_index": 1, "page": 42, "found": 48, "total_so_far": 1962}}
{"timestamp": "2026-06-01T09:38:07.033987+00:00", "level": "DEBUG", "message": "dom_очищен", "logger": "scraper", "trace_id": "8c1245cf8f0f", "context": {"removed_elements": 50}}
{"timestamp": "2026-06-01T09:38:08.233336+00:00", "level": "DEBUG", "message": "клик_далее_выполнен", "logger": "scraper", "trace_id": "8c1245cf8f0f"}
{"timestamp": "2026-06-01T09:38:44.642120+00:00", "level": "INFO", "message": "переход_на_следующую_страницу_выполнен", "logger": "scraper", "trace_id": "8c1245cf8f0f"}
{"timestamp": "2026-06-01T09:38:44.642546+00:00", "level": "INFO", "message": "парсинг_страницы", "logger": "scraper", "trace_id": "8c1245cf8f0f", "context": {"url_index": 1, "page": 43, "remaining": 291}}
{"timestamp": "2026-06-01T09:39:27.064816+00:00", "level": "INFO", "message": "страница_обработана", "logger": "scraper", "trace_id": "8c1245cf8f0f", "context": {"url_index": 1, "page": 43, "found": 47, "total_so_far": 2009}}
{"timestamp": "2026-06-01T09:39:27.131246+00:00", "level": "DEBUG", "message": "dom_очищен", "logger": "scraper", "trace_id": "8c1245cf8f0f", "context": {"removed_elements": 50}}
{"timestamp": "2026-06-01T09:39:28.304960+00:00", "level": "DEBUG", "message": "клик_далее_выполнен", "logger": "scraper", "trace_id": "8c1245cf8f0f"}
{"timestamp": "2026-06-01T09:40:03.650258+00:00", "level": "INFO", "message": "переход_на_следующую_страницу_выполнен", "logger": "scraper", "trace_id": "8c1245cf8f0f"}
{"timestamp": "2026-06-01T09:40:03.650495+00:00", "level": "INFO", "message": "парсинг_страницы", "logger": "scraper", "trace_id": "8c1245cf8f0f", "context": {"url_index": 1, "page": 44, "remaining": 290}}
{"timestamp": "2026-06-01T09:40:43.455396+00:00", "level": "INFO", "message": "страница_обработана", "logger": "scraper", "trace_id": "8c1245cf8f0f", "context": {"url_index": 1, "page": 44, "found": 45, "total_so_far": 2054}}
{"timestamp": "2026-06-01T09:40:43.532753+00:00", "level": "DEBUG", "message": "dom_очищен", "logger": "scraper", "trace_id": "8c1245cf8f0f", "context": {"removed_elements": 50}}
{"timestamp": "2026-06-01T09:40:44.705189+00:00", "level": "DEBUG", "message": "клик_далее_выполнен", "logger": "scraper", "trace_id": "8c1245cf8f0f"}
{"timestamp": "2026-06-01T09:41:22.450413+00:00", "level": "INFO", "message": "переход_на_следующую_страницу_выполнен", "logger": "scraper", "trace_id": "8c1245cf8f0f"}
{"timestamp": "2026-06-01T09:41:22.450624+00:00", "level": "INFO", "message": "парсинг_страницы", "logger": "scraper", "trace_id": "8c1245cf8f0f", "context": {"url_index": 1, "page": 45, "remaining": 289}}
{"timestamp": "2026-06-01T09:42:03.957510+00:00", "level": "INFO", "message": "страница_обработана", "logger": "scraper", "trace_id": "8c1245cf8f0f", "context": {"url_index": 1, "page": 45, "found": 47, "total_so_far": 2101}}
{"timestamp": "2026-06-01T09:42:04.049031+00:00", "level": "DEBUG", "message": "dom_очищен", "logger": "scraper", "trace_id": "8c1245cf8f0f", "context": {"removed_elements": 50}}
{"timestamp": "2026-06-01T09:42:05.265897+00:00", "level": "DEBUG", "message": "клик_далее_выполнен", "logger": "scraper", "trace_id": "8c1245cf8f0f"}
{"timestamp": "2026-06-01T09:42:40.616816+00:00", "level": "INFO", "message": "переход_на_следующую_страницу_выполнен", "logger": "scraper", "trace_id": "8c1245cf8f0f"}
{"timestamp": "2026-06-01T09:42:40.617312+00:00", "level": "INFO", "message": "парсинг_страницы", "logger": "scraper", "trace_id": "8c1245cf8f0f", "context": {"url_index": 1, "page": 46, "remaining": 288}}
{"timestamp": "2026-06-01T09:43:21.658906+00:00", "level": "INFO", "message": "страница_обработана", "logger": "scraper", "trace_id": "8c1245cf8f0f", "context": {"url_index": 1, "page": 46, "found": 47, "total_so_far": 2148}}
{"timestamp": "2026-06-01T09:43:21.725960+00:00", "level": "DEBUG", "message": "dom_очищен", "logger": "scraper", "trace_id": "8c1245cf8f0f", "context": {"removed_elements": 50}}
{"timestamp": "2026-06-01T09:43:22.914341+00:00", "level": "DEBUG", "message": "клик_далее_выполнен", "logger": "scraper", "trace_id": "8c1245cf8f0f"}
{"timestamp": "2026-06-01T09:43:59.656515+00:00", "level": "INFO", "message": "переход_на_следующую_страницу_выполнен", "logger": "scraper", "trace_id": "8c1245cf8f0f"}
{"timestamp": "2026-06-01T09:43:59.656770+00:00", "level": "INFO", "message": "парсинг_страницы", "logger": "scraper", "trace_id": "8c1245cf8f0f", "context": {"url_index": 1, "page": 47, "remaining": 287}}
{"timestamp": "2026-06-01T09:44:39.589933+00:00", "level": "INFO", "message": "страница_обработана", "logger": "scraper", "trace_id": "8c1245cf8f0f", "context": {"url_index": 1, "page": 47, "found": 45, "total_so_far": 2193}}
{"timestamp": "2026-06-01T09:44:39.650056+00:00", "level": "DEBUG", "message": "dom_очищен", "logger": "scraper", "trace_id": "8c1245cf8f0f", "context": {"removed_elements": 50}}
{"timestamp": "2026-06-01T09:44:40.812202+00:00", "level": "DEBUG", "message": "клик_далее_выполнен", "logger": "scraper", "trace_id": "8c1245cf8f0f"}
{"timestamp": "2026-06-01T09:45:18.440597+00:00", "level": "INFO", "message": "переход_на_следующую_страницу_выполнен", "logger": "scraper", "trace_id": "8c1245cf8f0f"}
{"timestamp": "2026-06-01T09:45:18.440999+00:00", "level": "INFO", "message": "парсинг_страницы", "logger": "scraper", "trace_id": "8c1245cf8f0f", "context": {"url_index": 1, "page": 48, "remaining": 286}}
{"timestamp": "2026-06-01T09:45:58.836476+00:00", "level": "INFO", "message": "страница_обработана", "logger": "scraper", "trace_id": "8c1245cf8f0f", "context": {"url_index": 1, "page": 48, "found": 41, "total_so_far": 2234}}
{"timestamp": "2026-06-01T09:45:58.907457+00:00", "level": "DEBUG", "message": "dom_очищен", "logger": "scraper", "trace_id": "8c1245cf8f0f", "context": {"removed_elements": 50}}
{"timestamp": "2026-06-01T09:46:00.165926+00:00", "level": "DEBUG", "message": "клик_далее_выполнен", "logger": "scraper", "trace_id": "8c1245cf8f0f"}
{"timestamp": "2026-06-01T09:46:37.786538+00:00", "level": "INFO", "message": "переход_на_следующую_страницу_выполнен", "logger": "scraper", "trace_id": "8c1245cf8f0f"}
{"timestamp": "2026-06-01T09:46:37.786983+00:00", "level": "INFO", "message": "парсинг_страницы", "logger": "scraper", "trace_id": "8c1245cf8f0f", "context": {"url_index": 1, "page": 49, "remaining": 285}}
{"timestamp": "2026-06-01T09:47:17.381583+00:00", "level": "INFO", "message": "страница_обработана", "logger": "scraper", "trace_id": "8c1245cf8f0f", "context": {"url_index": 1, "page": 49, "found": 43, "total_so_far": 2277}}
{"timestamp": "2026-06-01T09:47:17.447743+00:00", "level": "DEBUG", "message": "dom_очищен", "logger": "scraper", "trace_id": "8c1245cf8f0f", "context": {"removed_elements": 50}}
{"timestamp": "2026-06-01T09:47:19.353353+00:00", "level": "DEBUG", "message": "клик_далее_выполнен", "logger": "scraper", "trace_id": "8c1245cf8f0f"}
{"timestamp": "2026-06-01T09:47:56.159374+00:00", "level": "INFO", "message": "переход_на_следующую_страницу_выполнен", "logger": "scraper", "trace_id": "8c1245cf8f0f"}
{"timestamp": "2026-06-01T09:47:56.159929+00:00", "level": "INFO", "message": "парсинг_страницы", "logger": "scraper", "trace_id": "8c1245cf8f0f", "context": {"url_index": 1, "page": 50, "remaining": 284}}
{"timestamp": "2026-06-01T09:48:37.607485+00:00", "level": "INFO", "message": "страница_обработана", "logger": "scraper", "trace_id": "8c1245cf8f0f", "context": {"url_index": 1, "page": 50, "found": 47, "total_so_far": 2324}}
{"timestamp": "2026-06-01T09:48:37.744324+00:00", "level": "DEBUG", "message": "dom_очищен", "logger": "scraper", "trace_id": "8c1245cf8f0f", "context": {"removed_elements": 50}}
{"timestamp": "2026-06-01T09:48:38.969403+00:00", "level": "DEBUG", "message": "клик_далее_выполнен", "logger": "scraper", "trace_id": "8c1245cf8f0f"}
{"timestamp": "2026-06-01T09:49:16.300183+00:00", "level": "INFO", "message": "переход_на_следующую_страницу_выполнен", "logger": "scraper", "trace_id": "8c1245cf8f0f"}
{"timestamp": "2026-06-01T09:49:16.300375+00:00", "level": "INFO", "message": "парсинг_страницы", "logger": "scraper", "trace_id": "8c1245cf8f0f", "context": {"url_index": 1, "page": 51, "remaining": 283}}
{"timestamp": "2026-06-01T09:50:01.636383+00:00", "level": "INFO", "message": "страница_обработана", "logger": "scraper", "trace_id": "8c1245cf8f0f", "context": {"url_index": 1, "page": 51, "found": 45, "total_so_far": 2369}}
{"timestamp": "2026-06-01T09:50:01.839062+00:00", "level": "DEBUG", "message": "dom_очищен", "logger": "scraper", "trace_id": "8c1245cf8f0f", "context": {"removed_elements": 50}}
{"timestamp": "2026-06-01T09:50:03.890578+00:00", "level": "DEBUG", "message": "клик_далее_выполнен", "logger": "scraper", "trace_id": "8c1245cf8f0f"}
{"timestamp": "2026-06-01T09:50:40.743659+00:00", "level": "INFO", "message": "переход_на_следующую_страницу_выполнен", "logger": "scraper", "trace_id": "8c1245cf8f0f"}
{"timestamp": "2026-06-01T09:50:40.744057+00:00", "level": "INFO", "message": "парсинг_страницы", "logger": "scraper", "trace_id": "8c1245cf8f0f", "context": {"url_index": 1, "page": 52, "remaining": 282}}
{"timestamp": "2026-06-01T09:51:21.950620+00:00", "level": "INFO", "message": "страница_обработана", "logger": "scraper", "trace_id": "8c1245cf8f0f", "context": {"url_index": 1, "page": 52, "found": 41, "total_so_far": 2410}}
{"timestamp": "2026-06-01T09:51:22.029682+00:00", "level": "DEBUG", "message": "dom_очищен", "logger": "scraper", "trace_id": "8c1245cf8f0f", "context": {"removed_elements": 50}}
{"timestamp": "2026-06-01T09:51:23.207751+00:00", "level": "DEBUG", "message": "клик_далее_выполнен", "logger": "scraper", "trace_id": "8c1245cf8f0f"}
{"timestamp": "2026-06-01T09:52:00.260300+00:00", "level": "INFO", "message": "переход_на_следующую_страницу_выполнен", "logger": "scraper", "trace_id": "8c1245cf8f0f"}
{"timestamp": "2026-06-01T09:52:00.260634+00:00", "level": "INFO", "message": "парсинг_страницы", "logger": "scraper", "trace_id": "8c1245cf8f0f", "context": {"url_index": 1, "page": 53, "remaining": 281}}
{"timestamp": "2026-06-01T09:52:40.449345+00:00", "level": "INFO", "message": "страница_обработана", "logger": "scraper", "trace_id": "8c1245cf8f0f", "context": {"url_index": 1, "page": 53, "found": 40, "total_so_far": 2450}}
{"timestamp": "2026-06-01T09:52:40.524950+00:00", "level": "DEBUG", "message": "dom_очищен", "logger": "scraper", "trace_id": "8c1245cf8f0f", "context": {"removed_elements": 50}}
{"timestamp": "2026-06-01T09:52:41.709734+00:00", "level": "DEBUG", "message": "клик_далее_выполнен", "logger": "scraper", "trace_id": "8c1245cf8f0f"}
{"timestamp": "2026-06-01T09:53:19.039943+00:00", "level": "INFO", "message": "переход_на_следующую_страницу_выполнен", "logger": "scraper", "trace_id": "8c1245cf8f0f"}
{"timestamp": "2026-06-01T09:53:19.040354+00:00", "level": "INFO", "message": "парсинг_страницы", "logger": "scraper", "trace_id": "8c1245cf8f0f", "context": {"url_index": 1, "page": 54, "remaining": 280}}
{"timestamp": "2026-06-01T09:53:59.627373+00:00", "level": "INFO", "message": "страница_обработана", "logger": "scraper", "trace_id": "8c1245cf8f0f", "context": {"url_index": 1, "page": 54, "found": 44, "total_so_far": 2494}}
{"timestamp": "2026-06-01T09:53:59.713430+00:00", "level": "DEBUG", "message": "dom_очищен", "logger": "scraper", "trace_id": "8c1245cf8f0f", "context": {"removed_elements": 50}}
{"timestamp": "2026-06-01T09:54:00.963821+00:00", "level": "DEBUG", "message": "клик_далее_выполнен", "logger": "scraper", "trace_id": "8c1245cf8f0f"}
{"timestamp": "2026-06-01T09:54:38.968376+00:00", "level": "INFO", "message": "переход_на_следующую_страницу_выполнен", "logger": "scraper", "trace_id": "8c1245cf8f0f"}
{"timestamp": "2026-06-01T09:54:38.968606+00:00", "level": "INFO", "message": "парсинг_страницы", "logger": "scraper", "trace_id": "8c1245cf8f0f", "context": {"url_index": 1, "page": 55, "remaining": 279}}
{"timestamp": "2026-06-01T09:55:23.267135+00:00", "level": "INFO", "message": "страница_обработана", "logger": "scraper", "trace_id": "8c1245cf8f0f", "context": {"url_index": 1, "page": 55, "found": 46, "total_so_far": 2540}}
{"timestamp": "2026-06-01T09:55:23.338147+00:00", "level": "DEBUG", "message": "dom_очищен", "logger": "scraper", "trace_id": "8c1245cf8f0f", "context": {"removed_elements": 50}}
{"timestamp": "2026-06-01T09:55:24.603574+00:00", "level": "DEBUG", "message": "клик_далее_выполнен", "logger": "scraper", "trace_id": "8c1245cf8f0f"}
{"timestamp": "2026-06-01T09:56:02.527366+00:00", "level": "INFO", "message": "переход_на_следующую_страницу_выполнен", "logger": "scraper", "trace_id": "8c1245cf8f0f"}
{"timestamp": "2026-06-01T09:56:02.527522+00:00", "level": "INFO", "message": "парсинг_страницы", "logger": "scraper", "trace_id": "8c1245cf8f0f", "context": {"url_index": 1, "page": 56, "remaining": 278}}
{"timestamp": "2026-06-01T09:56:49.316855+00:00", "level": "INFO", "message": "страница_обработана", "logger": "scraper", "trace_id": "8c1245cf8f0f", "context": {"url_index": 1, "page": 56, "found": 44, "total_so_far": 2584}}
{"timestamp": "2026-06-01T09:56:49.401003+00:00", "level": "DEBUG", "message": "dom_очищен", "logger": "scraper", "trace_id": "8c1245cf8f0f", "context": {"removed_elements": 50}}
{"timestamp": "2026-06-01T09:56:50.628737+00:00", "level": "DEBUG", "message": "клик_далее_выполнен", "logger": "scraper", "trace_id": "8c1245cf8f0f"}
{"timestamp": "2026-06-01T09:57:27.524271+00:00", "level": "INFO", "message": "переход_на_следующую_страницу_выполнен", "logger": "scraper", "trace_id": "8c1245cf8f0f"}
{"timestamp": "2026-06-01T09:57:27.524699+00:00", "level": "INFO", "message": "парсинг_страницы", "logger": "scraper", "trace_id": "8c1245cf8f0f", "context": {"url_index": 1, "page": 57, "remaining": 277}}
{"timestamp": "2026-06-01T09:58:12.273239+00:00", "level": "INFO", "message": "страница_обработана", "logger": "scraper", "trace_id": "8c1245cf8f0f", "context": {"url_index": 1, "page": 57, "found": 48, "total_so_far": 2632}}
{"timestamp": "2026-06-01T09:58:12.646517+00:00", "level": "DEBUG", "message": "dom_очищен", "logger": "scraper", "trace_id": "8c1245cf8f0f", "context": {"removed_elements": 50}}
{"timestamp": "2026-06-01T09:58:13.834388+00:00", "level": "DEBUG", "message": "клик_далее_выполнен", "logger": "scraper", "trace_id": "8c1245cf8f0f"}
{"timestamp": "2026-06-01T09:58:51.043903+00:00", "level": "INFO", "message": "переход_на_следующую_страницу_выполнен", "logger": "scraper", "trace_id": "8c1245cf8f0f"}
{"timestamp": "2026-06-01T09:58:51.044638+00:00", "level": "INFO", "message": "парсинг_страницы", "logger": "scraper", "trace_id": "8c1245cf8f0f", "context": {"url_index": 1, "page": 58, "remaining": 276}}
{"timestamp": "2026-06-01T09:59:33.841861+00:00", "level": "INFO", "message": "страница_обработана", "logger": "scraper", "trace_id": "8c1245cf8f0f", "context": {"url_index": 1, "page": 58, "found": 47, "total_so_far": 2679}}
{"timestamp": "2026-06-01T09:59:33.910862+00:00", "level": "DEBUG", "message": "dom_очищен", "logger": "scraper", "trace_id": "8c1245cf8f0f", "context": {"removed_elements": 50}}
{"timestamp": "2026-06-01T09:59:35.131795+00:00", "level": "DEBUG", "message": "клик_далее_выполнен", "logger": "scraper", "trace_id": "8c1245cf8f0f"}
{"timestamp": "2026-06-01T10:00:11.187732+00:00", "level": "INFO", "message": "переход_на_следующую_страницу_выполнен", "logger": "scraper", "trace_id": "8c1245cf8f0f"}
{"timestamp": "2026-06-01T10:00:11.188037+00:00", "level": "INFO", "message": "парсинг_страницы", "logger": "scraper", "trace_id": "8c1245cf8f0f", "context": {"url_index": 1, "page": 59, "remaining": 275}}
{"timestamp": "2026-06-01T10:00:55.927823+00:00", "level": "INFO", "message": "страница_обработана", "logger": "scraper", "trace_id": "8c1245cf8f0f", "context": {"url_index": 1, "page": 59, "found": 43, "total_so_far": 2722}}
{"timestamp": "2026-06-01T10:00:55.995314+00:00", "level": "DEBUG", "message": "dom_очищен", "logger": "scraper", "trace_id": "8c1245cf8f0f", "context": {"removed_elements": 50}}
{"timestamp": "2026-06-01T10:00:57.196998+00:00", "level": "DEBUG", "message": "клик_далее_выполнен", "logger": "scraper", "trace_id": "8c1245cf8f0f"}
{"timestamp": "2026-06-01T10:01:33.731916+00:00", "level": "INFO", "message": "переход_на_следующую_страницу_выполнен", "logger": "scraper", "trace_id": "8c1245cf8f0f"}
{"timestamp": "2026-06-01T10:01:33.732345+00:00", "level": "INFO", "message": "парсинг_страницы", "logger": "scraper", "trace_id": "8c1245cf8f0f", "context": {"url_index": 1, "page": 60, "remaining": 274}}
{"timestamp": "2026-06-01T10:02:19.220862+00:00", "level": "INFO", "message": "страница_обработана", "logger": "scraper", "trace_id": "8c1245cf8f0f", "context": {"url_index": 1, "page": 60, "found": 47, "total_so_far": 2769}}
{"timestamp": "2026-06-01T10:02:19.291072+00:00", "level": "DEBUG", "message": "dom_очищен", "logger": "scraper", "trace_id": "8c1245cf8f0f", "context": {"removed_elements": 50}}
{"timestamp": "2026-06-01T10:02:20.483496+00:00", "level": "DEBUG", "message": "клик_далее_выполнен", "logger": "scraper", "trace_id": "8c1245cf8f0f"}
{"timestamp": "2026-06-01T10:02:56.871713+00:00", "level": "INFO", "message": "переход_на_следующую_страницу_выполнен", "logger": "scraper", "trace_id": "8c1245cf8f0f"}
{"timestamp": "2026-06-01T10:02:56.871988+00:00", "level": "INFO", "message": "парсинг_страницы", "logger": "scraper", "trace_id": "8c1245cf8f0f", "context": {"url_index": 1, "page": 61, "remaining": 273}}
{"timestamp": "2026-06-01T10:03:48.137462+00:00", "level": "INFO", "message": "страница_обработана", "logger": "scraper", "trace_id": "8c1245cf8f0f", "context": {"url_index": 1, "page": 61, "found": 48, "total_so_far": 2817}}
{"timestamp": "2026-06-01T10:03:48.214158+00:00", "level": "DEBUG", "message": "dom_очищен", "logger": "scraper", "trace_id": "8c1245cf8f0f", "context": {"removed_elements": 50}}
{"timestamp": "2026-06-01T10:03:49.437701+00:00", "level": "DEBUG", "message": "клик_далее_выполнен", "logger": "scraper", "trace_id": "8c1245cf8f0f"}
{"timestamp": "2026-06-01T10:04:24.663477+00:00", "level": "INFO", "message": "переход_на_следующую_страницу_выполнен", "logger": "scraper", "trace_id": "8c1245cf8f0f"}
{"timestamp": "2026-06-01T10:04:24.664230+00:00", "level": "INFO", "message": "парсинг_страницы", "logger": "scraper", "trace_id": "8c1245cf8f0f", "context": {"url_index": 1, "page": 62, "remaining": 272}}
{"timestamp": "2026-06-01T10:05:12.601866+00:00", "level": "INFO", "message": "страница_обработана", "logger": "scraper", "trace_id": "8c1245cf8f0f", "context": {"url_index": 1, "page": 62, "found": 45, "total_so_far": 2862}}
{"timestamp": "2026-06-01T10:05:13.021616+00:00", "level": "DEBUG", "message": "dom_очищен", "logger": "scraper", "trace_id": "8c1245cf8f0f", "context": {"removed_elements": 50}}
{"timestamp": "2026-06-01T10:05:14.187893+00:00", "level": "DEBUG", "message": "клик_далее_выполнен", "logger": "scraper", "trace_id": "8c1245cf8f0f"}
{"timestamp": "2026-06-01T10:05:50.256971+00:00", "level": "INFO", "message": "переход_на_следующую_страницу_выполнен", "logger": "scraper", "trace_id": "8c1245cf8f0f"}
{"timestamp": "2026-06-01T10:05:50.257326+00:00", "level": "INFO", "message": "парсинг_страницы", "logger": "scraper", "trace_id": "8c1245cf8f0f", "context": {"url_index": 1, "page": 63, "remaining": 271}}
{"timestamp": "2026-06-01T10:06:40.882237+00:00", "level": "INFO", "message": "страница_обработана", "logger": "scraper", "trace_id": "8c1245cf8f0f", "context": {"url_index": 1, "page": 63, "found": 45, "total_so_far": 2907}}
{"timestamp": "2026-06-01T10:06:40.960640+00:00", "level": "DEBUG", "message": "dom_очищен", "logger": "scraper", "trace_id": "8c1245cf8f0f", "context": {"removed_elements": 50}}
{"timestamp": "2026-06-01T10:06:42.278263+00:00", "level": "DEBUG", "message": "клик_далее_выполнен", "logger": "scraper", "trace_id": "8c1245cf8f0f"}
{"timestamp": "2026-06-01T10:07:18.378780+00:00", "level": "INFO", "message": "переход_на_следующую_страницу_выполнен", "logger": "scraper", "trace_id": "8c1245cf8f0f"}
{"timestamp": "2026-06-01T10:07:18.379651+00:00", "level": "INFO", "message": "парсинг_страницы", "logger": "scraper", "trace_id": "8c1245cf8f0f", "context": {"url_index": 1, "page": 64, "remaining": 270}}
{"timestamp": "2026-06-01T10:08:09.908316+00:00", "level": "INFO", "message": "страница_обработана", "logger": "scraper", "trace_id": "8c1245cf8f0f", "context": {"url_index": 1, "page": 64, "found": 48, "total_so_far": 2955}}
{"timestamp": "2026-06-01T10:08:09.970044+00:00", "level": "DEBUG", "message": "dom_очищен", "logger": "scraper", "trace_id": "8c1245cf8f0f", "context": {"removed_elements": 50}}
{"timestamp": "2026-06-01T10:08:11.196043+00:00", "level": "DEBUG", "message": "клик_далее_выполнен", "logger": "scraper", "trace_id": "8c1245cf8f0f"}
{"timestamp": "2026-06-01T10:08:48.697697+00:00", "level": "INFO", "message": "переход_на_следующую_страницу_выполнен", "logger": "scraper", "trace_id": "8c1245cf8f0f"}
{"timestamp": "2026-06-01T10:08:48.698014+00:00", "level": "INFO", "message": "парсинг_страницы", "logger": "scraper", "trace_id": "8c1245cf8f0f", "context": {"url_index": 1, "page": 65, "remaining": 269}}
{"timestamp": "2026-06-01T10:09:34.710378+00:00", "level": "INFO", "message": "страница_обработана", "logger": "scraper", "trace_id": "8c1245cf8f0f", "context": {"url_index": 1, "page": 65, "found": 47, "total_so_far": 3002}}
{"timestamp": "2026-06-01T10:09:35.181158+00:00", "level": "DEBUG", "message": "dom_очищен", "logger": "scraper", "trace_id": "8c1245cf8f0f", "context": {"removed_elements": 50}}
{"timestamp": "2026-06-01T10:09:36.428346+00:00", "level": "DEBUG", "message": "клик_далее_выполнен", "logger": "scraper", "trace_id": "8c1245cf8f0f"}
{"timestamp": "2026-06-01T10:10:12.664994+00:00", "level": "INFO", "message": "переход_на_следующую_страницу_выполнен", "logger": "scraper", "trace_id": "8c1245cf8f0f"}
{"timestamp": "2026-06-01T10:10:12.665240+00:00", "level": "INFO", "message": "парсинг_страницы", "logger": "scraper", "trace_id": "8c1245cf8f0f", "context": {"url_index": 1, "page": 66, "remaining": 268}}
{"timestamp": "2026-06-01T10:10:58.510531+00:00", "level": "INFO", "message": "страница_обработана", "logger": "scraper", "trace_id": "8c1245cf8f0f", "context": {"url_index": 1, "page": 66, "found": 45, "total_so_far": 3047}}
{"timestamp": "2026-06-01T10:10:58.565815+00:00", "level": "DEBUG", "message": "dom_очищен", "logger": "scraper", "trace_id": "8c1245cf8f0f", "context": {"removed_elements": 50}}
{"timestamp": "2026-06-01T10:10:59.747618+00:00", "level": "DEBUG", "message": "клик_далее_выполнен", "logger": "scraper", "trace_id": "8c1245cf8f0f"}
{"timestamp": "2026-06-01T10:11:34.878103+00:00", "level": "INFO", "message": "переход_на_следующую_страницу_выполнен", "logger": "scraper", "trace_id": "8c1245cf8f0f"}
{"timestamp": "2026-06-01T10:11:34.878263+00:00", "level": "INFO", "message": "парсинг_страницы", "logger": "scraper", "trace_id": "8c1245cf8f0f", "context": {"url_index": 1, "page": 67, "remaining": 267}}
{"timestamp": "2026-06-01T10:12:21.127376+00:00", "level": "INFO", "message": "страница_обработана", "logger": "scraper", "trace_id": "8c1245cf8f0f", "context": {"url_index": 1, "page": 67, "found": 47, "total_so_far": 3094}}
{"timestamp": "2026-06-01T10:12:21.200011+00:00", "level": "DEBUG", "message": "dom_очищен", "logger": "scraper", "trace_id": "8c1245cf8f0f", "context": {"removed_elements": 50}}
{"timestamp": "2026-06-01T10:12:22.413220+00:00", "level": "DEBUG", "message": "клик_далее_выполнен", "logger": "scraper", "trace_id": "8c1245cf8f0f"}
{"timestamp": "2026-06-01T10:13:00.077839+00:00", "level": "INFO", "message": "переход_на_следующую_страницу_выполнен", "logger": "scraper", "trace_id": "8c1245cf8f0f"}
{"timestamp": "2026-06-01T10:13:00.078383+00:00", "level": "INFO", "message": "парсинг_страницы", "logger": "scraper", "trace_id": "8c1245cf8f0f", "context": {"url_index": 1, "page": 68, "remaining": 266}}
{"timestamp": "2026-06-01T10:13:50.567352+00:00", "level": "INFO", "message": "страница_обработана", "logger": "scraper", "trace_id": "8c1245cf8f0f", "context": {"url_index": 1, "page": 68, "found": 48, "total_so_far": 3142}}
{"timestamp": "2026-06-01T10:13:50.634376+00:00", "level": "DEBUG", "message": "dom_очищен", "logger": "scraper", "trace_id": "8c1245cf8f0f", "context": {"removed_elements": 50}}
{"timestamp": "2026-06-01T10:13:51.805137+00:00", "level": "DEBUG", "message": "клик_далее_выполнен", "logger": "scraper", "trace_id": "8c1245cf8f0f"}
{"timestamp": "2026-06-01T10:14:28.734173+00:00", "level": "INFO", "message": "переход_на_следующую_страницу_выполнен", "logger": "scraper", "trace_id": "8c1245cf8f0f"}
{"timestamp": "2026-06-01T10:14:28.734356+00:00", "level": "INFO", "message": "парсинг_страницы", "logger": "scraper", "trace_id": "8c1245cf8f0f", "context": {"url_index": 1, "page": 69, "remaining": 265}}
{"timestamp": "2026-06-01T10:15:18.022527+00:00", "level": "INFO", "message": "страница_обработана", "logger": "scraper", "trace_id": "8c1245cf8f0f", "context": {"url_index": 1, "page": 69, "found": 49, "total_so_far": 3191}}
{"timestamp": "2026-06-01T10:15:18.452550+00:00", "level": "DEBUG", "message": "dom_очищен", "logger": "scraper", "trace_id": "8c1245cf8f0f", "context": {"removed_elements": 50}}
{"timestamp": "2026-06-01T10:15:19.637751+00:00", "level": "DEBUG", "message": "клик_далее_выполнен", "logger": "scraper", "trace_id": "8c1245cf8f0f"}
{"timestamp": "2026-06-01T10:15:57.615932+00:00", "level": "INFO", "message": "переход_на_следующую_страницу_выполнен", "logger": "scraper", "trace_id": "8c1245cf8f0f"}
{"timestamp": "2026-06-01T10:15:57.616165+00:00", "level": "INFO", "message": "парсинг_страницы", "logger": "scraper", "trace_id": "8c1245cf8f0f", "context": {"url_index": 1, "page": 70, "remaining": 264}}
{"timestamp": "2026-06-01T10:16:45.907775+00:00", "level": "INFO", "message": "страница_обработана", "logger": "scraper", "trace_id": "8c1245cf8f0f", "context": {"url_index": 1, "page": 70, "found": 46, "total_so_far": 3237}}
{"timestamp": "2026-06-01T10:16:45.984072+00:00", "level": "DEBUG", "message": "dom_очищен", "logger": "scraper", "trace_id": "8c1245cf8f0f", "context": {"removed_elements": 50}}
{"timestamp": "2026-06-01T10:16:47.278227+00:00", "level": "DEBUG", "message": "клик_далее_выполнен", "logger": "scraper", "trace_id": "8c1245cf8f0f"}
{"timestamp": "2026-06-01T10:17:24.854191+00:00", "level": "INFO", "message": "переход_на_следующую_страницу_выполнен", "logger": "scraper", "trace_id": "8c1245cf8f0f"}
{"timestamp": "2026-06-01T10:17:24.854378+00:00", "level": "INFO", "message": "парсинг_страницы", "logger": "scraper", "trace_id": "8c1245cf8f0f", "context": {"url_index": 1, "page": 71, "remaining": 263}}
{"timestamp": "2026-06-01T10:18:15.647454+00:00", "level": "INFO", "message": "страница_обработана", "logger": "scraper", "trace_id": "8c1245cf8f0f", "context": {"url_index": 1, "page": 71, "found": 46, "total_so_far": 3283}}
{"timestamp": "2026-06-01T10:18:15.726571+00:00", "level": "DEBUG", "message": "dom_очищен", "logger": "scraper", "trace_id": "8c1245cf8f0f", "context": {"removed_elements": 50}}
{"timestamp": "2026-06-01T10:18:16.901991+00:00", "level": "DEBUG", "message": "клик_далее_выполнен", "logger": "scraper", "trace_id": "8c1245cf8f0f"}
{"timestamp": "2026-06-01T10:18:52.460835+00:00", "level": "INFO", "message": "переход_на_следующую_страницу_выполнен", "logger": "scraper", "trace_id": "8c1245cf8f0f"}
{"timestamp": "2026-06-01T10:18:52.460970+00:00", "level": "INFO", "message": "парсинг_страницы", "logger": "scraper", "trace_id": "8c1245cf8f0f", "context": {"url_index": 1, "page": 72, "remaining": 262}}
{"timestamp": "2026-06-01T10:19:42.969266+00:00", "level": "INFO", "message": "страница_обработана", "logger": "scraper", "trace_id": "8c1245cf8f0f", "context": {"url_index": 1, "page": 72, "found": 45, "total_so_far": 3328}}
{"timestamp": "2026-06-01T10:19:43.065380+00:00", "level": "DEBUG", "message": "dom_очищен", "logger": "scraper", "trace_id": "8c1245cf8f0f", "context": {"removed_elements": 50}}
{"timestamp": "2026-06-01T10:19:44.281376+00:00", "level": "DEBUG", "message": "клик_далее_выполнен", "logger": "scraper", "trace_id": "8c1245cf8f0f"}
{"timestamp": "2026-06-01T10:20:21.341950+00:00", "level": "INFO", "message": "переход_на_следующую_страницу_выполнен", "logger": "scraper", "trace_id": "8c1245cf8f0f"}
{"timestamp": "2026-06-01T10:20:21.342385+00:00", "level": "INFO", "message": "парсинг_страницы", "logger": "scraper", "trace_id": "8c1245cf8f0f", "context": {"url_index": 1, "page": 73, "remaining": 261}}
{"timestamp": "2026-06-01T10:21:06.314217+00:00", "level": "INFO", "message": "страница_обработана", "logger": "scraper", "trace_id": "8c1245cf8f0f", "context": {"url_index": 1, "page": 73, "found": 43, "total_so_far": 3371}}
{"timestamp": "2026-06-01T10:21:06.385702+00:00", "level": "DEBUG", "message": "dom_очищен", "logger": "scraper", "trace_id": "8c1245cf8f0f", "context": {"removed_elements": 50}}
{"timestamp": "2026-06-01T10:21:07.620716+00:00", "level": "DEBUG", "message": "клик_далее_выполнен", "logger": "scraper", "trace_id": "8c1245cf8f0f"}
{"timestamp": "2026-06-01T10:21:44.584250+00:00", "level": "INFO", "message": "переход_на_следующую_страницу_выполнен", "logger": "scraper", "trace_id": "8c1245cf8f0f"}
{"timestamp": "2026-06-01T10:21:44.584492+00:00", "level": "INFO", "message": "парсинг_страницы", "logger": "scraper", "trace_id": "8c1245cf8f0f", "context": {"url_index": 1, "page": 74, "remaining": 260}}
{"timestamp": "2026-06-01T10:22:33.378227+00:00", "level": "INFO", "message": "страница_обработана", "logger": "scraper", "trace_id": "8c1245cf8f0f", "context": {"url_index": 1, "page": 74, "found": 48, "total_so_far": 3419}}
{"timestamp": "2026-06-01T10:22:33.461382+00:00", "level": "DEBUG", "message": "dom_очищен", "logger": "scraper", "trace_id": "8c1245cf8f0f", "context": {"removed_elements": 50}}
{"timestamp": "2026-06-01T10:22:34.650616+00:00", "level": "DEBUG", "message": "клик_далее_выполнен", "logger": "scraper", "trace_id": "8c1245cf8f0f"}
{"timestamp": "2026-06-01T10:23:12.395796+00:00", "level": "INFO", "message": "переход_на_следующую_страницу_выполнен", "logger": "scraper", "trace_id": "8c1245cf8f0f"}
{"timestamp": "2026-06-01T10:23:12.396103+00:00", "level": "INFO", "message": "парсинг_страницы", "logger": "scraper", "trace_id": "8c1245cf8f0f", "context": {"url_index": 1, "page": 75, "remaining": 259}}
{"timestamp": "2026-06-01T10:24:08.704709+00:00", "level": "INFO", "message": "страница_обработана", "logger": "scraper", "trace_id": "8c1245cf8f0f", "context": {"url_index": 1, "page": 75, "found": 43, "total_so_far": 3462}}
{"timestamp": "2026-06-01T10:24:08.767002+00:00", "level": "DEBUG", "message": "dom_очищен", "logger": "scraper", "trace_id": "8c1245cf8f0f", "context": {"removed_elements": 50}}
{"timestamp": "2026-06-01T10:24:09.966096+00:00", "level": "DEBUG", "message": "клик_далее_выполнен", "logger": "scraper", "trace_id": "8c1245cf8f0f"}
{"timestamp": "2026-06-01T10:24:45.972265+00:00", "level": "INFO", "message": "переход_на_следующую_страницу_выполнен", "logger": "scraper", "trace_id": "8c1245cf8f0f"}
{"timestamp": "2026-06-01T10:24:45.972491+00:00", "level": "INFO", "message": "парсинг_страницы", "logger": "scraper", "trace_id": "8c1245cf8f0f", "context": {"url_index": 1, "page": 76, "remaining": 258}}
{"timestamp": "2026-06-01T10:25:39.874979+00:00", "level": "INFO", "message": "страница_обработана", "logger": "scraper", "trace_id": "8c1245cf8f0f", "context": {"url_index": 1, "page": 76, "found": 44, "total_so_far": 3506}}
{"timestamp": "2026-06-01T10:25:39.944160+00:00", "level": "DEBUG", "message": "dom_очищен", "logger": "scraper", "trace_id": "8c1245cf8f0f", "context": {"removed_elements": 50}}
{"timestamp": "2026-06-01T10:25:41.192557+00:00", "level": "DEBUG", "message": "клик_далее_выполнен", "logger": "scraper", "trace_id": "8c1245cf8f0f"}
{"timestamp": "2026-06-01T10:26:17.375975+00:00", "level": "INFO", "message": "переход_на_следующую_страницу_выполнен", "logger": "scraper", "trace_id": "8c1245cf8f0f"}
{"timestamp": "2026-06-01T10:26:17.376255+00:00", "level": "INFO", "message": "парсинг_страницы", "logger": "scraper", "trace_id": "8c1245cf8f0f", "context": {"url_index": 1, "page": 77, "remaining": 257}}
{"timestamp": "2026-06-01T10:27:11.944793+00:00", "level": "INFO", "message": "страница_обработана", "logger": "scraper", "trace_id": "8c1245cf8f0f", "context": {"url_index": 1, "page": 77, "found": 43, "total_so_far": 3549}}
{"timestamp": "2026-06-01T10:27:12.046752+00:00", "level": "DEBUG", "message": "dom_очищен", "logger": "scraper", "trace_id": "8c1245cf8f0f", "context": {"removed_elements": 50}}
{"timestamp": "2026-06-01T10:27:14.009414+00:00", "level": "DEBUG", "message": "клик_далее_выполнен", "logger": "scraper", "trace_id": "8c1245cf8f0f"}
{"timestamp": "2026-06-01T10:27:52.069067+00:00", "level": "INFO", "message": "переход_на_следующую_страницу_выполнен", "logger": "scraper", "trace_id": "8c1245cf8f0f"}
{"timestamp": "2026-06-01T10:27:52.069540+00:00", "level": "INFO", "message": "парсинг_страницы", "logger": "scraper", "trace_id": "8c1245cf8f0f", "context": {"url_index": 1, "page": 78, "remaining": 256}}
{"timestamp": "2026-06-01T10:28:49.724825+00:00", "level": "INFO", "message": "страница_обработана", "logger": "scraper", "trace_id": "8c1245cf8f0f", "context": {"url_index": 1, "page": 78, "found": 46, "total_so_far": 3595}}
{"timestamp": "2026-06-01T10:28:49.809785+00:00", "level": "DEBUG", "message": "dom_очищен", "logger": "scraper", "trace_id": "8c1245cf8f0f", "context": {"removed_elements": 50}}
{"timestamp": "2026-06-01T10:28:51.025570+00:00", "level": "DEBUG", "message": "клик_далее_выполнен", "logger": "scraper", "trace_id": "8c1245cf8f0f"}
{"timestamp": "2026-06-01T10:29:28.830668+00:00", "level": "INFO", "message": "переход_на_следующую_страницу_выполнен", "logger": "scraper", "trace_id": "8c1245cf8f0f"}
{"timestamp": "2026-06-01T10:29:28.830992+00:00", "level": "INFO", "message": "парсинг_страницы", "logger": "scraper", "trace_id": "8c1245cf8f0f", "context": {"url_index": 1, "page": 79, "remaining": 255}}
{"timestamp": "2026-06-01T10:30:21.931447+00:00", "level": "INFO", "message": "страница_обработана", "logger": "scraper", "trace_id": "8c1245cf8f0f", "context": {"url_index": 1, "page": 79, "found": 43, "total_so_far": 3638}}
{"timestamp": "2026-06-01T10:30:22.013822+00:00", "level": "DEBUG", "message": "dom_очищен", "logger": "scraper", "trace_id": "8c1245cf8f0f", "context": {"removed_elements": 50}}
{"timestamp": "2026-06-01T10:30:23.214312+00:00", "level": "DEBUG", "message": "клик_далее_выполнен", "logger": "scraper", "trace_id": "8c1245cf8f0f"}
{"timestamp": "2026-06-01T10:31:00.265883+00:00", "level": "INFO", "message": "переход_на_следующую_страницу_выполнен", "logger": "scraper", "trace_id": "8c1245cf8f0f"}
{"timestamp": "2026-06-01T10:31:00.266200+00:00", "level": "INFO", "message": "парсинг_страницы", "logger": "scraper", "trace_id": "8c1245cf8f0f", "context": {"url_index": 1, "page": 80, "remaining": 254}}
{"timestamp": "2026-06-01T10:31:56.292483+00:00", "level": "INFO", "message": "страница_обработана", "logger": "scraper", "trace_id": "8c1245cf8f0f", "context": {"url_index": 1, "page": 80, "found": 45, "total_so_far": 3683}}
{"timestamp": "2026-06-01T10:31:56.371267+00:00", "level": "DEBUG", "message": "dom_очищен", "logger": "scraper", "trace_id": "8c1245cf8f0f", "context": {"removed_elements": 50}}
{"timestamp": "2026-06-01T10:31:57.604282+00:00", "level": "DEBUG", "message": "клик_далее_выполнен", "logger": "scraper", "trace_id": "8c1245cf8f0f"}
{"timestamp": "2026-06-01T10:32:34.764819+00:00", "level": "INFO", "message": "переход_на_следующую_страницу_выполнен", "logger": "scraper", "trace_id": "8c1245cf8f0f"}
{"timestamp": "2026-06-01T10:32:34.765179+00:00", "level": "INFO", "message": "парсинг_страницы", "logger": "scraper", "trace_id": "8c1245cf8f0f", "context": {"url_index": 1, "page": 81, "remaining": 253}}
{"timestamp": "2026-06-01T10:33:31.284015+00:00", "level": "INFO", "message": "страница_обработана", "logger": "scraper", "trace_id": "8c1245cf8f0f", "context": {"url_index": 1, "page": 81, "found": 45, "total_so_far": 3728}}
{"timestamp": "2026-06-01T10:33:31.355891+00:00", "level": "DEBUG", "message": "dom_очищен", "logger": "scraper", "trace_id": "8c1245cf8f0f", "context": {"removed_elements": 50}}
{"timestamp": "2026-06-01T10:33:32.543095+00:00", "level": "DEBUG", "message": "клик_далее_выполнен", "logger": "scraper", "trace_id": "8c1245cf8f0f"}
{"timestamp": "2026-06-01T10:34:07.803797+00:00", "level": "INFO", "message": "переход_на_следующую_страницу_выполнен", "logger": "scraper", "trace_id": "8c1245cf8f0f"}
{"timestamp": "2026-06-01T10:34:07.804116+00:00", "level": "INFO", "message": "парсинг_страницы", "logger": "scraper", "trace_id": "8c1245cf8f0f", "context": {"url_index": 1, "page": 82, "remaining": 252}}
{"timestamp": "2026-06-01T10:35:06.731838+00:00", "level": "INFO", "message": "страница_обработана", "logger": "scraper", "trace_id": "8c1245cf8f0f", "context": {"url_index": 1, "page": 82, "found": 49, "total_so_far": 3777}}
{"timestamp": "2026-06-01T10:35:07.240837+00:00", "level": "DEBUG", "message": "dom_очищен", "logger": "scraper", "trace_id": "8c1245cf8f0f", "context": {"removed_elements": 50}}
{"timestamp": "2026-06-01T10:35:08.446571+00:00", "level": "DEBUG", "message": "клик_далее_выполнен", "logger": "scraper", "trace_id": "8c1245cf8f0f"}
{"timestamp": "2026-06-01T10:35:45.502865+00:00", "level": "INFO", "message": "переход_на_следующую_страницу_выполнен", "logger": "scraper", "trace_id": "8c1245cf8f0f"}
{"timestamp": "2026-06-01T10:35:45.503165+00:00", "level": "INFO", "message": "парсинг_страницы", "logger": "scraper", "trace_id": "8c1245cf8f0f", "context": {"url_index": 1, "page": 83, "remaining": 251}}
{"timestamp": "2026-06-01T10:36:45.812739+00:00", "level": "INFO", "message": "страница_обработана", "logger": "scraper", "trace_id": "8c1245cf8f0f", "context": {"url_index": 1, "page": 83, "found": 46, "total_so_far": 3823}}
{"timestamp": "2026-06-01T10:36:45.894331+00:00", "level": "DEBUG", "message": "dom_очищен", "logger": "scraper", "trace_id": "8c1245cf8f0f", "context": {"removed_elements": 50}}
{"timestamp": "2026-06-01T10:36:47.204273+00:00", "level": "DEBUG", "message": "клик_далее_выполнен", "logger": "scraper", "trace_id": "8c1245cf8f0f"}
{"timestamp": "2026-06-01T10:37:22.835631+00:00", "level": "INFO", "message": "переход_на_следующую_страницу_выполнен", "logger": "scraper", "trace_id": "8c1245cf8f0f"}
{"timestamp": "2026-06-01T10:37:22.835867+00:00", "level": "INFO", "message": "парсинг_страницы", "logger": "scraper", "trace_id": "8c1245cf8f0f", "context": {"url_index": 1, "page": 84, "remaining": 250}}
{"timestamp": "2026-06-01T10:38:27.195561+00:00", "level": "INFO", "message": "страница_обработана", "logger": "scraper", "trace_id": "8c1245cf8f0f", "context": {"url_index": 1, "page": 84, "found": 45, "total_so_far": 3868}}
{"timestamp": "2026-06-01T10:38:27.614349+00:00", "level": "DEBUG", "message": "dom_очищен", "logger": "scraper", "trace_id": "8c1245cf8f0f", "context": {"removed_elements": 50}}
{"timestamp": "2026-06-01T10:38:28.811536+00:00", "level": "DEBUG", "message": "клик_далее_выполнен", "logger": "scraper", "trace_id": "8c1245cf8f0f"}
{"timestamp": "2026-06-01T10:39:05.276281+00:00", "level": "INFO", "message": "переход_на_следующую_страницу_выполнен", "logger": "scraper", "trace_id": "8c1245cf8f0f"}
{"timestamp": "2026-06-01T10:39:05.276966+00:00", "level": "INFO", "message": "парсинг_страницы", "logger": "scraper", "trace_id": "8c1245cf8f0f", "context": {"url_index": 1, "page": 85, "remaining": 249}}
{"timestamp": "2026-06-01T10:40:08.283907+00:00", "level": "INFO", "message": "страница_обработана", "logger": "scraper", "trace_id": "8c1245cf8f0f", "context": {"url_index": 1, "page": 85, "found": 48, "total_so_far": 3916}}
{"timestamp": "2026-06-01T10:40:08.391595+00:00", "level": "DEBUG", "message": "dom_очищен", "logger": "scraper", "trace_id": "8c1245cf8f0f", "context": {"removed_elements": 50}}
{"timestamp": "2026-06-01T10:40:09.657464+00:00", "level": "DEBUG", "message": "клик_далее_выполнен", "logger": "scraper", "trace_id": "8c1245cf8f0f"}
{"timestamp": "2026-06-01T10:40:47.323622+00:00", "level": "INFO", "message": "переход_на_следующую_страницу_выполнен", "logger": "scraper", "trace_id": "8c1245cf8f0f"}
{"timestamp": "2026-06-01T10:40:47.324039+00:00", "level": "INFO", "message": "парсинг_страницы", "logger": "scraper", "trace_id": "8c1245cf8f0f", "context": {"url_index": 1, "page": 86, "remaining": 248}}
{"timestamp": "2026-06-01T10:41:47.487604+00:00", "level": "INFO", "message": "страница_обработана", "logger": "scraper", "trace_id": "8c1245cf8f0f", "context": {"url_index": 1, "page": 86, "found": 47, "total_so_far": 3963}}
{"timestamp": "2026-06-01T10:41:47.877894+00:00", "level": "DEBUG", "message": "dom_очищен", "logger": "scraper", "trace_id": "8c1245cf8f0f", "context": {"removed_elements": 50}}
{"timestamp": "2026-06-01T10:41:49.092206+00:00", "level": "DEBUG", "message": "клик_далее_выполнен", "logger": "scraper", "trace_id": "8c1245cf8f0f"}
{"timestamp": "2026-06-01T10:42:26.253463+00:00", "level": "INFO", "message": "переход_на_следующую_страницу_выполнен", "logger": "scraper", "trace_id": "8c1245cf8f0f"}
{"timestamp": "2026-06-01T10:42:26.253639+00:00", "level": "INFO", "message": "парсинг_страницы", "logger": "scraper", "trace_id": "8c1245cf8f0f", "context": {"url_index": 1, "page": 87, "remaining": 247}}
{"timestamp": "2026-06-01T10:43:31.414057+00:00", "level": "INFO", "message": "страница_обработана", "logger": "scraper", "trace_id": "8c1245cf8f0f", "context": {"url_index": 1, "page": 87, "found": 46, "total_so_far": 4009}}
{"timestamp": "2026-06-01T10:43:31.514595+00:00", "level": "DEBUG", "message": "dom_очищен", "logger": "scraper", "trace_id": "8c1245cf8f0f", "context": {"removed_elements": 50}}
{"timestamp": "2026-06-01T10:43:32.767434+00:00", "level": "DEBUG", "message": "клик_далее_выполнен", "logger": "scraper", "trace_id": "8c1245cf8f0f"}
{"timestamp": "2026-06-01T10:44:07.846279+00:00", "level": "INFO", "message": "переход_на_следующую_страницу_выполнен", "logger": "scraper", "trace_id": "8c1245cf8f0f"}
{"timestamp": "2026-06-01T10:44:07.846630+00:00", "level": "INFO", "message": "парсинг_страницы", "logger": "scraper", "trace_id": "8c1245cf8f0f", "context": {"url_index": 1, "page": 88, "remaining": 246}}
{"timestamp": "2026-06-01T10:45:11.855276+00:00", "level": "INFO", "message": "страница_обработана", "logger": "scraper", "trace_id": "8c1245cf8f0f", "context": {"url_index": 1, "page": 88, "found": 45, "total_so_far": 4054}}
{"timestamp": "2026-06-01T10:45:12.270280+00:00", "level": "DEBUG", "message": "dom_очищен", "logger": "scraper", "trace_id": "8c1245cf8f0f", "context": {"removed_elements": 50}}
{"timestamp": "2026-06-01T10:45:13.856031+00:00", "level": "DEBUG", "message": "клик_далее_выполнен", "logger": "scraper", "trace_id": "8c1245cf8f0f"}
{"timestamp": "2026-06-01T10:45:50.789057+00:00", "level": "INFO", "message": "переход_на_следующую_страницу_выполнен", "logger": "scraper", "trace_id": "8c1245cf8f0f"}
{"timestamp": "2026-06-01T10:45:50.789791+00:00", "level": "INFO", "message": "парсинг_страницы", "logger": "scraper", "trace_id": "8c1245cf8f0f", "context": {"url_index": 1, "page": 89, "remaining": 245}}
{"timestamp": "2026-06-01T10:46:59.506618+00:00", "level": "INFO", "message": "страница_обработана", "logger": "scraper", "trace_id": "8c1245cf8f0f", "context": {"url_index": 1, "page": 89, "found": 45, "total_so_far": 4099}}
{"timestamp": "2026-06-01T10:46:59.579492+00:00", "level": "DEBUG", "message": "dom_очищен", "logger": "scraper", "trace_id": "8c1245cf8f0f", "context": {"removed_elements": 50}}
{"timestamp": "2026-06-01T10:47:00.799547+00:00", "level": "DEBUG", "message": "клик_далее_выполнен", "logger": "scraper", "trace_id": "8c1245cf8f0f"}
{"timestamp": "2026-06-01T10:47:36.327314+00:00", "level": "INFO", "message": "переход_на_следующую_страницу_выполнен", "logger": "scraper", "trace_id": "8c1245cf8f0f"}
{"timestamp": "2026-06-01T10:47:36.327463+00:00", "level": "INFO", "message": "парсинг_страницы", "logger": "scraper", "trace_id": "8c1245cf8f0f", "context": {"url_index": 1, "page": 90, "remaining": 244}}
{"timestamp": "2026-06-01T10:48:55.233794+00:00", "level": "INFO", "message": "страница_обработана", "logger": "scraper", "trace_id": "8c1245cf8f0f", "context": {"url_index": 1, "page": 90, "found": 48, "total_so_far": 4147}}
{"timestamp": "2026-06-01T10:48:55.644066+00:00", "level": "DEBUG", "message": "dom_очищен", "logger": "scraper", "trace_id": "8c1245cf8f0f", "context": {"removed_elements": 50}}
{"timestamp": "2026-06-01T10:48:56.804133+00:00", "level": "DEBUG", "message": "клик_далее_выполнен", "logger": "scraper", "trace_id": "8c1245cf8f0f"}
{"timestamp": "2026-06-01T10:49:33.883728+00:00", "level": "INFO", "message": "переход_на_следующую_страницу_выполнен", "logger": "scraper", "trace_id": "8c1245cf8f0f"}
{"timestamp": "2026-06-01T10:49:33.884014+00:00", "level": "INFO", "message": "парсинг_страницы", "logger": "scraper", "trace_id": "8c1245cf8f0f", "context": {"url_index": 1, "page": 91, "remaining": 243}}
